Campaign_ID,Platform,Campaign_Type,Country,Device,Impressions,Clicks,Conversions,Revenue,Spend,Date,CTR,CPC,ROAS
CAMP-0001,YouTube,Email,Brazil,Tablet,15924,828,151,19083.34,7200.34,2024-01-01,0.052,8.7,2.65
CAMP-0002,LinkedIn,Email,Mexico,Tablet,77162,1022,585,4277.37,2750.52,2024-01-02,0.0132,2.69,1.56
CAMP-0003,TikTok,Email,UK,Mobile,1869,2860,273,15799.65,7310.18,2024-01-03,1.5302,2.56,2.16
CAMP-0004,LinkedIn,SEO,Spain,Mobile,98088,2173,553,15513.98,10577.42,2024-01-04,0.0222,4.87,1.47
CAMP-0005,LinkedIn,SEO,Spain,Desktop,2014,648,495,4432.81,495.37,2024-01-05,0.3217,0.76,8.95
CAMP-0006,Facebook,Organic,Brazil,Tablet,11103,3391,723,12462.41,196.2,2024-01-06,0.3054,0.06,63.52
CAMP-0007,TikTok,Ads,Germany,Tablet,83522,274,100,1056.77,1173.09,2024-01-07,0.0033,4.28,0.9
CAMP-0008,TikTok,Email,Germany,Mobile,97007,890,556,9723.13,8058.12,2024-01-08,0.0092,9.05,1.21
CAMP-0009,TikTok,Organic,Spain,Tablet,34458,1864,81,391.48,12824.1,2024-01-09,0.0541,6.88,0.03
CAMP-0010,LinkedIn,Ads,Germany,Desktop,91605,4859,528,18430.76,123.02,2024-01-10,0.053,0.03,149.82
CAMP-0011,YouTube,Influencer,Spain,Tablet,83409,1156,72,19524.11,14053.09,2024-01-11,0.0139,12.16,1.39
CAMP-0012,TikTok,SEO,Brazil,Mobile,24248,174,13,4523.43,1638.86,2024-01-12,0.0072,9.42,2.76
CAMP-0013,Twitter,Ads,Canada,Mobile,90160,3296,432,4241.31,12637.65,2024-01-13,0.0366,3.83,0.34
CAMP-0014,LinkedIn,Influencer,Spain,Desktop,44516,2981,156,15099.03,7268.68,2024-01-14,0.067,2.44,2.08
CAMP-0015,Facebook,Ads,Mexico,Desktop,30061,4175,734,5142.25,9907.39,2024-01-15,0.1389,2.37,0.52
CAMP-0016,YouTube,SEO,Germany,Tablet,25170,3021,131,17912.02,7684.71,2024-01-16,0.12,2.54,2.33
CAMP-0017,Twitter,SEO,Spain,Tablet,9024,2067,337,11521.19,7181.87,2024-01-17,0.2291,3.47,1.6
CAMP-0018,Twitter,Organic,Spain,Mobile,83214,2465,403,7080.47,12531.75,2024-01-18,0.0296,5.08,0.57
CAMP-0019,Facebook,Email,Brazil,Desktop,86947,4640,375,16670.61,11350.5,2024-01-19,0.0534,2.45,1.47
CAMP-0020,YouTube,Ads,Germany,Desktop,44803,3146,558,9918.79,7276.86,2024-01-20,0.0702,2.31,1.36
CAMP-0021,LinkedIn,Ads,Canada,Desktop,20296,1659,106,18241.49,1718.96,2024-01-21,0.0817,1.04,10.61
CAMP-0022,Instagram,Influencer,Brazil,Tablet,92829,767,619,18567.48,1775.27,2024-01-22,0.0083,2.31,10.46
CAMP-0023,YouTube,SEO,Canada,Desktop,93708,3611,264,3391.86,12033.01,2024-01-23,0.0385,3.33,0.28
CAMP-0024,Facebook,Ads,Argentina,Mobile,87664,1066,204,146.24,7964.39,2024-01-24,0.0122,7.47,0.02
CAMP-0025,Twitter,SEO,Brazil,Mobile,19257,3615,78,19680.23,7249.76,2024-01-25,0.1877,2.01,2.71
CAMP-0026,LinkedIn,Ads,Germany,Tablet,13855,4751,154,18132.14,10224.47,2024-01-26,0.3429,2.15,1.77
CAMP-0027,YouTube,Organic,USA,Tablet,86178,4520,782,1203.36,12889.68,2024-01-27,0.0524,2.85,0.09
CAMP-0028,Instagram,Email,Germany,Desktop,21025,2010,246,16677.38,9451.65,2024-01-28,0.0956,4.7,1.76
CAMP-0029,Instagram,Ads,Germany,Tablet,5458,1098,530,9210.32,11454.58,2024-01-29,0.2012,10.43,0.8
CAMP-0030,TikTok,SEO,Canada,Mobile,64610,1407,537,5253.34,11490.79,2024-01-30,0.0218,8.17,0.46
CAMP-0031,TikTok,Organic,Canada,Desktop,71843,3476,728,17587.06,5376.11,2024-01-31,0.0484,1.55,3.27
CAMP-0032,Facebook,Ads,Germany,Mobile,84961,165,153,4013.68,4147.54,2024-02-01,0.0019,25.14,0.97
CAMP-0033,YouTube,Influencer,Germany,Desktop,50831,2145,153,18951.27,12027.4,2024-02-02,0.0422,5.61,1.58
CAMP-0034,YouTube,Email,Germany,Tablet,44427,1851,685,4191.87,5688.82,2024-02-03,0.0417,3.07,0.74
CAMP-0035,Twitter,Ads,Canada,Desktop,94809,2196,91,12312.3,13554.87,2024-02-04,0.0232,6.17,0.91
CAMP-0036,Twitter,Organic,Germany,Desktop,39506,1670,432,4539.42,1091.88,2024-02-05,0.0423,0.65,4.16
CAMP-0037,Twitter,Influencer,Germany,Mobile,6668,4830,337,10958.81,920.35,2024-02-06,0.7244,0.19,11.91
CAMP-0038,TikTok,Organic,Argentina,Mobile,92470,3000,479,13711.11,13908.71,2024-02-07,0.0324,4.64,0.99
CAMP-0039,YouTube,Organic,UK,Desktop,48195,3842,692,3885.54,9744.4,2024-02-08,0.0797,2.54,0.4
CAMP-0040,YouTube,Influencer,USA,Tablet,74233,2991,130,10465.63,5725.01,2024-02-09,0.0403,1.91,1.83
CAMP-0041,Instagram,Organic,Mexico,Tablet,25417,4955,449,9434.29,11338.15,2024-02-10,0.1949,2.29,0.83
CAMP-0042,TikTok,Influencer,USA,Mobile,82982,1027,786,1513.64,10101.29,2024-02-11,0.0124,9.84,0.15
CAMP-0043,LinkedIn,Ads,UK,Tablet,11751,3116,272,16384.33,7991.46,2024-02-12,0.2652,2.56,2.05
CAMP-0044,TikTok,Influencer,Mexico,Mobile,47218,833,587,6780.08,1528.16,2024-02-13,0.0176,1.83,4.44
CAMP-0045,LinkedIn,Influencer,Brazil,Tablet,8352,290,176,11534.19,12192.08,2024-02-14,0.0347,42.04,0.95
CAMP-0046,Instagram,Email,Germany,Desktop,80052,1603,695,10344.21,12997.05,2024-02-15,0.02,8.11,0.8
CAMP-0047,Facebook,Influencer,UK,Mobile,89835,4628,642,10313.88,2623.92,2024-02-16,0.0515,0.57,3.93
CAMP-0048,YouTube,Influencer,Argentina,Mobile,98493,1062,48,2233.73,12765.15,2024-02-17,0.0108,12.02,0.17
CAMP-0049,Instagram,Ads,Brazil,Desktop,29927,236,566,8527.29,13173.82,2024-02-18,0.0079,55.82,0.65
CAMP-0050,YouTube,Email,Germany,Mobile,42094,1931,665,9102.1,8263.96,2024-02-19,0.0459,4.28,1.1
CAMP-0051,Twitter,SEO,Canada,Tablet,55122,4636,354,14699.49,9859.88,2024-02-20,0.0841,2.13,1.49
CAMP-0052,Facebook,Ads,Spain,Tablet,30493,480,711,16816.37,5764.45,2024-02-21,0.0157,12.01,2.92
CAMP-0053,Facebook,Ads,UK,Mobile,93247,288,307,10945.15,4262.79,2024-02-22,0.0031,14.8,2.57
CAMP-0054,Instagram,SEO,Canada,Tablet,74539,2395,629,1826.98,10843.65,2024-02-23,0.0321,4.53,0.17
CAMP-0055,Facebook,Influencer,UK,Mobile,32707,125,774,4813.3,12935.03,2024-02-24,0.0038,103.48,0.37
CAMP-0056,LinkedIn,Organic,Argentina,Desktop,69814,1406,45,3382.19,9828.46,2024-02-25,0.0201,6.99,0.34
CAMP-0057,Facebook,Email,UK,Mobile,8296,4972,301,2579.84,7698.28,2024-02-26,0.5993,1.55,0.34
CAMP-0058,YouTube,Organic,Canada,Desktop,26398,2380,407,7381.4,2425.93,2024-02-27,0.0902,1.02,3.04
CAMP-0059,YouTube,SEO,Argentina,Tablet,36842,4736,188,4664.93,849.21,2024-02-28,0.1285,0.18,5.49
CAMP-0060,YouTube,Ads,Mexico,Desktop,14261,1952,128,4444.23,6713.09,2024-02-29,0.1369,3.44,0.66
CAMP-0061,YouTube,Ads,USA,Tablet,77709,4063,560,1188.39,787.78,2024-03-01,0.0523,0.19,1.51
CAMP-0062,LinkedIn,Email,Germany,Mobile,96985,4720,536,451.63,8561.55,2024-03-02,0.0487,1.81,0.05
CAMP-0063,TikTok,Ads,UK,Tablet,57704,2109,265,2145.09,5771.8,2024-03-03,0.0365,2.74,0.37
CAMP-0064,Twitter,Ads,Germany,Mobile,68173,190,117,3526.73,11369.98,2024-03-04,0.0028,59.84,0.31
CAMP-0065,Instagram,Email,Spain,Mobile,32781,1839,463,8676.58,4619.45,2024-03-05,0.0561,2.51,1.88
CAMP-0066,YouTube,Email,Canada,Desktop,14652,3676,143,10259.35,8915.09,2024-03-06,0.2509,2.43,1.15
CAMP-0067,Facebook,SEO,Germany,Desktop,6103,66,441,2897.78,8088.37,2024-03-07,0.0108,122.55,0.36
CAMP-0068,YouTube,Ads,Canada,Desktop,26500,4398,199,8553.19,120.45,2024-03-08,0.166,0.03,71.01
CAMP-0069,Facebook,Ads,Germany,Desktop,36529,514,156,6900.8,1132.22,2024-03-09,0.0141,2.2,6.09
CAMP-0070,Twitter,SEO,USA,Tablet,19452,4521,486,3750.13,4391.0,2024-03-10,0.2324,0.97,0.85
CAMP-0071,Twitter,Influencer,USA,Tablet,50393,1877,133,236.13,13239.41,2024-03-11,0.0372,7.05,0.02
CAMP-0072,Twitter,Influencer,Argentina,Tablet,32174,3078,147,9393.66,2247.87,2024-03-12,0.0957,0.73,4.18
CAMP-0073,Facebook,Influencer,USA,Mobile,65450,569,335,13744.47,10677.87,2024-03-13,0.0087,18.77,1.29
CAMP-0074,YouTube,SEO,Argentina,Tablet,36436,139,70,4602.92,14601.83,2024-03-14,0.0038,105.05,0.32
CAMP-0075,Twitter,Ads,USA,Tablet,48406,4865,232,2722.96,11868.98,2024-03-15,0.1005,2.44,0.23
CAMP-0076,LinkedIn,SEO,USA,Tablet,64059,2901,333,17752.15,3682.03,2024-03-16,0.0453,1.27,4.82
CAMP-0077,Facebook,SEO,USA,Desktop,16954,2893,665,5572.99,13630.06,2024-03-17,0.1706,4.71,0.41
CAMP-0078,Facebook,Influencer,Canada,Tablet,83722,4775,89,4549.89,1441.95,2024-03-18,0.057,0.3,3.16
CAMP-0079,YouTube,Organic,UK,Mobile,13356,1934,333,17156.23,7048.72,2024-03-19,0.1448,3.64,2.43
CAMP-0080,Facebook,Ads,Argentina,Desktop,99499,4221,198,16360.43,13318.75,2024-03-20,0.0424,3.16,1.23
CAMP-0081,Facebook,Influencer,Germany,Mobile,3187,975,160,9022.09,9636.92,2024-03-21,0.3059,9.88,0.94
CAMP-0082,Twitter,Organic,USA,Tablet,78243,3784,537,9835.85,6233.99,2024-03-22,0.0484,1.65,1.58
CAMP-0083,YouTube,Organic,Canada,Desktop,36098,1019,120,4433.2,4427.55,2024-03-23,0.0282,4.34,1.0
CAMP-0084,Twitter,Email,Canada,Mobile,93471,1144,300,1658.2,5657.74,2024-03-24,0.0122,4.95,0.29
CAMP-0085,Twitter,Ads,Canada,Tablet,22225,3245,723,11511.29,7658.68,2024-03-25,0.146,2.36,1.5
CAMP-0086,YouTube,Organic,Argentina,Mobile,4606,1454,574,2057.06,4819.71,2024-03-26,0.3157,3.31,0.43
CAMP-0087,Instagram,Influencer,UK,Mobile,58620,3414,435,9040.56,14536.07,2024-03-27,0.0582,4.26,0.62
CAMP-0088,Twitter,Email,Argentina,Mobile,33828,4340,67,18815.89,13999.51,2024-03-28,0.1283,3.23,1.34
CAMP-0089,LinkedIn,Ads,Germany,Tablet,27489,4032,764,19061.4,13066.54,2024-03-29,0.1467,3.24,1.46
CAMP-0090,LinkedIn,SEO,UK,Tablet,15387,4373,458,4862.71,6356.36,2024-03-30,0.2842,1.45,0.77
CAMP-0091,Facebook,Influencer,Mexico,Mobile,70463,4063,513,12519.86,10384.96,2024-03-31,0.0577,2.56,1.21
CAMP-0092,LinkedIn,Organic,Brazil,Desktop,72832,4606,397,9534.12,13547.3,2024-04-01,0.0632,2.94,0.7
CAMP-0093,Facebook,Organic,Canada,Desktop,96980,4763,619,17526.13,12763.92,2024-04-02,0.0491,2.68,1.37
CAMP-0094,Instagram,Influencer,Argentina,Tablet,3591,3142,285,5501.47,6244.19,2024-04-03,0.875,1.99,0.88
CAMP-0095,YouTube,Organic,Mexico,Tablet,49516,4209,560,173.68,1730.17,2024-04-04,0.085,0.41,0.1
CAMP-0096,YouTube,Email,Spain,Tablet,92683,2124,139,3334.97,1180.67,2024-04-05,0.0229,0.56,2.82
CAMP-0097,YouTube,Ads,Argentina,Tablet,63061,334,729,7055.5,8677.11,2024-04-06,0.0053,25.98,0.81
CAMP-0098,LinkedIn,Email,USA,Tablet,67736,4983,555,6382.85,9657.29,2024-04-07,0.0736,1.94,0.66
CAMP-0099,Instagram,Organic,Brazil,Desktop,82257,4976,780,15848.12,12755.15,2024-04-08,0.0605,2.56,1.24
CAMP-0100,LinkedIn,SEO,USA,Tablet,62753,1237,589,13643.16,4423.1,2024-04-09,0.0197,3.58,3.08
CAMP-0101,LinkedIn,Ads,UK,Mobile,85774,4019,727,6061.17,2553.68,2024-04-10,0.0469,0.64,2.37
CAMP-0102,Instagram,Ads,Brazil,Mobile,12087,3015,609,9209.1,5716.14,2024-04-11,0.2494,1.9,1.61
CAMP-0103,Instagram,Influencer,Argentina,Desktop,31816,4369,747,2001.63,5335.95,2024-04-12,0.1373,1.22,0.38
CAMP-0104,Instagram,Influencer,Germany,Mobile,24408,833,281,17973.11,2030.41,2024-04-13,0.0341,2.44,8.85
CAMP-0105,Instagram,SEO,Mexico,Desktop,1136,999,660,18714.95,10100.63,2024-04-14,0.8794,10.11,1.85
CAMP-0106,YouTube,Ads,Germany,Desktop,18413,3989,577,19598.09,7654.94,2024-04-15,0.2166,1.92,2.56
CAMP-0107,TikTok,SEO,Argentina,Mobile,60500,94,745,17384.2,10830.79,2024-04-16,0.0016,115.22,1.61
CAMP-0108,TikTok,Influencer,UK,Tablet,85514,1860,456,3561.82,5322.73,2024-04-17,0.0218,2.86,0.67
CAMP-0109,Instagram,Influencer,USA,Mobile,57358,4616,86,1019.31,4919.25,2024-04-18,0.0805,1.07,0.21
CAMP-0110,TikTok,Ads,Brazil,Mobile,67197,2131,78,11633.97,7115.01,2024-04-19,0.0317,3.34,1.64
CAMP-0111,TikTok,Email,Germany,Desktop,93789,3548,204,18260.84,13167.24,2024-04-20,0.0378,3.71,1.39
CAMP-0112,Instagram,Organic,Argentina,Mobile,93420,879,790,3629.29,652.21,2024-04-21,0.0094,0.74,5.56
CAMP-0113,TikTok,Influencer,Germany,Desktop,33854,1959,336,240.15,12082.25,2024-04-22,0.0579,6.17,0.02
CAMP-0114,LinkedIn,Influencer,Argentina,Tablet,77240,2631,253,16129.37,5566.36,2024-04-23,0.0341,2.12,2.9
CAMP-0115,Facebook,Email,USA,Tablet,91063,741,303,1628.23,12826.55,2024-04-24,0.0081,17.31,0.13
CAMP-0116,Facebook,Email,Brazil,Tablet,17322,4069,379,8332.75,12042.93,2024-04-25,0.2349,2.96,0.69
CAMP-0117,Instagram,SEO,Mexico,Mobile,7968,981,129,13609.86,5263.98,2024-04-26,0.1231,5.37,2.59
CAMP-0118,YouTube,SEO,USA,Desktop,28518,4986,595,4812.27,10423.45,2024-04-27,0.1748,2.09,0.46
CAMP-0119,Instagram,Organic,Germany,Tablet,52925,3456,275,1770.86,2436.51,2024-04-28,0.0653,0.71,0.73
CAMP-0120,YouTube,Organic,Mexico,Desktop,60848,197,698,15423.42,13449.41,2024-04-29,0.0032,68.27,1.15
CAMP-0121,Facebook,Ads,Argentina,Desktop,94422,1082,557,12640.48,6097.14,2024-04-30,0.0115,5.64,2.07
CAMP-0122,Instagram,SEO,Mexico,Tablet,2700,1361,182,19770.96,6861.6,2024-05-01,0.5041,5.04,2.88
CAMP-0123,Twitter,Influencer,Argentina,Tablet,94782,437,267,6951.73,10601.1,2024-05-02,0.0046,24.26,0.66
CAMP-0124,LinkedIn,SEO,USA,Desktop,24199,3171,321,1329.07,12321.56,2024-05-03,0.131,3.89,0.11
CAMP-0125,TikTok,Influencer,Germany,Tablet,45589,1923,511,14713.57,3583.32,2024-05-04,0.0422,1.86,4.11
CAMP-0126,YouTube,Email,UK,Desktop,33115,3638,611,10482.5,9937.18,2024-05-05,0.1099,2.73,1.05
CAMP-0127,Twitter,SEO,Germany,Desktop,62934,965,77,4342.76,5910.37,2024-05-06,0.0153,6.12,0.73
CAMP-0128,TikTok,Email,Argentina,Tablet,55316,1928,783,15656.41,5562.11,2024-05-07,0.0349,2.88,2.81
CAMP-0129,TikTok,Organic,Canada,Mobile,6520,3798,338,4154.73,10365.89,2024-05-08,0.5825,2.73,0.4
CAMP-0130,Instagram,Organic,Brazil,Tablet,37455,327,673,5287.17,5838.39,2024-05-09,0.0087,17.85,0.91
CAMP-0131,TikTok,Ads,Spain,Mobile,87465,2027,555,1941.32,5224.32,2024-05-10,0.0232,2.58,0.37
CAMP-0132,LinkedIn,SEO,UK,Desktop,42605,1909,508,8048.7,12546.53,2024-05-11,0.0448,6.57,0.64
CAMP-0133,Twitter,Email,Mexico,Desktop,15955,3086,237,8436.69,1564.08,2024-05-12,0.1934,0.51,5.39
CAMP-0134,TikTok,Influencer,UK,Mobile,45049,3421,133,10339.78,10154.59,2024-05-13,0.0759,2.97,1.02
CAMP-0135,Instagram,Organic,Brazil,Desktop,14917,4763,191,14208.39,3768.44,2024-05-14,0.3193,0.79,3.77
CAMP-0136,LinkedIn,Organic,Mexico,Mobile,71293,2232,355,18131.41,281.7,2024-05-15,0.0313,0.13,64.36
CAMP-0137,Facebook,Influencer,Brazil,Mobile,79581,4725,277,2840.91,2543.13,2024-05-16,0.0594,0.54,1.12
CAMP-0138,Twitter,Email,Mexico,Desktop,65925,1220,17,1181.53,9119.59,2024-05-17,0.0185,7.48,0.13
CAMP-0139,TikTok,Email,UK,Mobile,71269,539,523,468.77,10651.45,2024-05-18,0.0076,19.76,0.04
CAMP-0140,Instagram,SEO,Mexico,Tablet,31954,2575,179,2958.07,364.81,2024-05-19,0.0806,0.14,8.11
CAMP-0141,Facebook,SEO,Mexico,Tablet,97671,1232,122,13193.19,594.56,2024-05-20,0.0126,0.48,22.19
CAMP-0142,Facebook,Ads,Canada,Desktop,73617,4529,245,14576.79,13543.0,2024-05-21,0.0615,2.99,1.08
CAMP-0143,YouTube,Organic,Germany,Desktop,42458,4308,733,15751.46,1145.92,2024-05-22,0.1015,0.27,13.75
CAMP-0144,LinkedIn,SEO,Germany,Mobile,90037,2538,372,4949.79,13418.02,2024-05-23,0.0282,5.29,0.37
CAMP-0145,TikTok,Email,Spain,Mobile,22113,1926,50,6187.31,3461.08,2024-05-24,0.0871,1.8,1.79
CAMP-0146,Instagram,Influencer,Spain,Mobile,91226,2512,70,9714.38,11113.27,2024-05-25,0.0275,4.42,0.87
CAMP-0147,YouTube,Email,Argentina,Mobile,44939,1680,479,1357.34,4680.51,2024-05-26,0.0374,2.79,0.29
CAMP-0148,LinkedIn,Organic,Argentina,Tablet,30345,337,559,12261.72,12888.34,2024-05-27,0.0111,38.24,0.95
CAMP-0149,YouTube,Email,Argentina,Tablet,47313,4332,18,19676.33,10521.8,2024-05-28,0.0916,2.43,1.87
CAMP-0150,Twitter,Ads,Canada,Desktop,93365,1957,773,7280.05,6057.11,2024-05-29,0.021,3.1,1.2
CAMP-0151,LinkedIn,Organic,Spain,Mobile,70166,1211,83,15081.66,1190.72,2024-05-30,0.0173,0.98,12.67
CAMP-0152,LinkedIn,Influencer,Brazil,Mobile,48861,179,154,10050.67,11003.87,2024-05-31,0.0037,61.47,0.91
CAMP-0153,TikTok,Ads,Argentina,Desktop,98406,2413,564,2643.46,9272.43,2024-06-01,0.0245,3.84,0.29
CAMP-0154,LinkedIn,Organic,Argentina,Mobile,50298,193,618,11686.53,93.53,2024-06-02,0.0038,0.48,124.95
CAMP-0155,YouTube,Influencer,UK,Mobile,48221,65,356,6067.5,190.83,2024-06-03,0.0013,2.94,31.8
CAMP-0156,LinkedIn,Ads,USA,Mobile,45942,294,646,784.62,12141.45,2024-06-04,0.0064,41.3,0.06
CAMP-0157,TikTok,Ads,Brazil,Mobile,4453,976,442,12735.1,3928.03,2024-06-05,0.2192,4.02,3.24
CAMP-0158,TikTok,Organic,Argentina,Mobile,55935,3228,68,17192.75,9560.2,2024-06-06,0.0577,2.96,1.8
CAMP-0159,Twitter,SEO,Argentina,Desktop,44370,2226,522,6960.92,6840.51,2024-06-07,0.0502,3.07,1.02
CAMP-0160,YouTube,Ads,Argentina,Mobile,9328,936,142,7866.88,12958.28,2024-06-08,0.1003,13.84,0.61
CAMP-0161,Facebook,Ads,USA,Desktop,16534,390,191,17831.33,13758.57,2024-06-09,0.0236,35.28,1.3
CAMP-0162,Facebook,Influencer,USA,Mobile,86280,2101,386,16290.82,14952.28,2024-06-10,0.0244,7.12,1.09
CAMP-0163,LinkedIn,Email,Canada,Tablet,85925,3448,377,14327.56,2347.58,2024-06-11,0.0401,0.68,6.1
CAMP-0164,Twitter,Organic,Brazil,Tablet,37320,4000,580,5051.06,12951.31,2024-06-12,0.1072,3.24,0.39
CAMP-0165,Instagram,Organic,Canada,Tablet,50170,355,534,18213.31,4027.02,2024-06-13,0.0071,11.34,4.52
CAMP-0166,LinkedIn,SEO,Mexico,Tablet,81201,957,692,3172.87,8882.7,2024-06-14,0.0118,9.28,0.36
CAMP-0167,Twitter,SEO,USA,Desktop,9640,2704,292,12572.73,7611.3,2024-06-15,0.2805,2.81,1.65
CAMP-0168,YouTube,Organic,UK,Desktop,92057,3842,8,673.14,318.92,2024-06-16,0.0417,0.08,2.11
CAMP-0169,YouTube,SEO,Spain,Mobile,31049,4092,270,12910.02,13994.93,2024-06-17,0.1318,3.42,0.92
CAMP-0170,YouTube,Influencer,UK,Tablet,6618,1421,386,5615.17,1220.99,2024-06-18,0.2147,0.86,4.6
CAMP-0171,YouTube,Organic,Spain,Desktop,57053,370,92,9048.57,10338.87,2024-06-19,0.0065,27.94,0.88
CAMP-0172,YouTube,SEO,USA,Mobile,2920,4704,528,6970.76,11785.85,2024-06-20,1.611,2.51,0.59
CAMP-0173,Twitter,Organic,USA,Mobile,44937,4109,153,3537.86,11939.55,2024-06-21,0.0914,2.91,0.3
CAMP-0174,Twitter,Email,USA,Desktop,70724,1181,404,12477.42,2075.64,2024-06-22,0.0167,1.76,6.01
CAMP-0175,TikTok,Ads,Canada,Tablet,13207,2628,148,17651.31,6741.17,2024-06-23,0.199,2.57,2.62
CAMP-0176,Facebook,Organic,Brazil,Mobile,66774,4092,266,19185.78,12449.96,2024-06-24,0.0613,3.04,1.54
CAMP-0177,YouTube,Ads,Spain,Tablet,33972,3417,421,3927.69,4575.05,2024-06-25,0.1006,1.34,0.86
CAMP-0178,Instagram,SEO,Brazil,Tablet,11799,867,617,14375.72,7042.84,2024-06-26,0.0735,8.12,2.04
CAMP-0179,Twitter,Ads,Canada,Tablet,72088,61,471,13320.35,4128.27,2024-06-27,0.0008,67.68,3.23
CAMP-0180,Instagram,Organic,Canada,Mobile,29916,244,546,6933.22,6980.09,2024-06-28,0.0082,28.61,0.99
CAMP-0181,Instagram,Email,Germany,Tablet,71463,2587,630,480.07,13323.18,2024-06-29,0.0362,5.15,0.04
CAMP-0182,Instagram,SEO,UK,Mobile,94500,2892,525,13826.85,6854.11,2024-06-30,0.0306,2.37,2.02
CAMP-0183,TikTok,Organic,UK,Tablet,77700,2279,502,18915.35,8360.88,2024-07-01,0.0293,3.67,2.26
CAMP-0184,Twitter,SEO,Mexico,Mobile,38158,3059,13,12679.19,6089.45,2024-07-02,0.0802,1.99,2.08
CAMP-0185,Instagram,Influencer,Argentina,Tablet,85607,4801,777,8762.33,6928.75,2024-07-03,0.0561,1.44,1.26
CAMP-0186,YouTube,Ads,Canada,Desktop,72696,2127,651,10550.56,276.85,2024-07-04,0.0293,0.13,38.11
CAMP-0187,LinkedIn,Influencer,Spain,Tablet,62510,3917,363,4072.61,4292.0,2024-07-05,0.0627,1.1,0.95
CAMP-0188,Instagram,Organic,Germany,Tablet,59692,4923,118,15035.83,6576.9,2024-07-06,0.0825,1.34,2.29
CAMP-0189,TikTok,Email,Germany,Mobile,62744,493,237,14953.75,9525.26,2024-07-07,0.0079,19.32,1.57
CAMP-0190,Twitter,SEO,Argentina,Mobile,16810,347,545,2995.79,6778.28,2024-07-08,0.0206,19.53,0.44
CAMP-0191,TikTok,Ads,Brazil,Tablet,6126,4953,168,17571.77,5100.36,2024-07-09,0.8085,1.03,3.45
CAMP-0192,Instagram,SEO,Argentina,Desktop,31009,894,521,5456.88,5852.08,2024-07-10,0.0288,6.55,0.93
CAMP-0193,Twitter,Organic,Argentina,Desktop,91932,1065,633,19646.9,3672.29,2024-07-11,0.0116,3.45,5.35
CAMP-0194,LinkedIn,SEO,Argentina,Mobile,1192,1434,656,7719.77,13871.19,2024-07-12,1.203,9.67,0.56
CAMP-0195,Instagram,Ads,UK,Desktop,37413,1447,734,3639.89,7850.06,2024-07-13,0.0387,5.43,0.46
CAMP-0196,TikTok,Organic,Canada,Tablet,13816,603,768,7099.23,250.47,2024-07-14,0.0436,0.42,28.34
CAMP-0197,Facebook,SEO,Mexico,Mobile,40082,2400,779,8859.59,340.72,2024-07-15,0.0599,0.14,26.0
CAMP-0198,YouTube,Email,Canada,Tablet,66048,4566,515,1479.22,14595.78,2024-07-16,0.0691,3.2,0.1
CAMP-0199,TikTok,Organic,Brazil,Mobile,51940,1319,396,11606.55,3360.69,2024-07-17,0.0254,2.55,3.45
CAMP-0200,Twitter,Organic,USA,Mobile,33130,1310,105,11992.89,12093.84,2024-07-18,0.0395,9.23,0.99
CAMP-0201,Instagram,Email,Argentina,Mobile,41142,234,84,14804.72,921.22,2024-07-19,0.0057,3.94,16.07
CAMP-0202,YouTube,Influencer,Canada,Mobile,37468,4613,213,680.48,13821.38,2024-07-20,0.1231,3.0,0.05
CAMP-0203,Instagram,Ads,Brazil,Desktop,31698,2460,120,10870.64,13122.53,2024-07-21,0.0776,5.33,0.83
CAMP-0204,Twitter,Influencer,USA,Tablet,11655,4481,131,1152.86,8587.84,2024-07-22,0.3845,1.92,0.13
CAMP-0205,Instagram,SEO,USA,Tablet,48897,2259,196,14052.77,184.53,2024-07-23,0.0462,0.08,76.15
CAMP-0206,Facebook,Email,Argentina,Tablet,31075,3722,18,1208.99,3904.27,2024-07-24,0.1198,1.05,0.31
CAMP-0207,YouTube,Influencer,Mexico,Mobile,10359,4733,641,18243.38,6132.0,2024-07-25,0.4569,1.3,2.98
CAMP-0208,YouTube,Organic,Spain,Desktop,43056,1931,11,14071.44,6927.96,2024-07-26,0.0448,3.59,2.03
CAMP-0209,Twitter,SEO,UK,Tablet,52831,4346,80,10197.06,4500.3,2024-07-27,0.0823,1.04,2.27
CAMP-0210,Facebook,SEO,Canada,Desktop,60191,571,329,8885.93,542.57,2024-07-28,0.0095,0.95,16.38
CAMP-0211,TikTok,Influencer,USA,Mobile,34272,1937,773,2700.39,8872.4,2024-07-29,0.0565,4.58,0.3
CAMP-0212,Instagram,Influencer,Canada,Tablet,15671,2602,391,5890.89,7886.11,2024-07-30,0.166,3.03,0.75
CAMP-0213,LinkedIn,Email,Spain,Desktop,28048,3859,636,17392.29,4280.86,2024-07-31,0.1376,1.11,4.06
CAMP-0214,Instagram,Ads,UK,Mobile,77274,4933,306,18098.61,617.74,2024-08-01,0.0638,0.13,29.3
CAMP-0215,Instagram,Influencer,Spain,Desktop,26963,4205,266,114.88,14919.18,2024-08-02,0.156,3.55,0.01
CAMP-0216,TikTok,Influencer,UK,Tablet,44954,4723,446,11923.31,7255.69,2024-08-03,0.1051,1.54,1.64
CAMP-0217,Instagram,Organic,Germany,Tablet,73309,4466,440,14414.08,11352.26,2024-08-04,0.0609,2.54,1.27
CAMP-0218,Facebook,SEO,UK,Mobile,96430,3529,651,12413.06,6812.09,2024-08-05,0.0366,1.93,1.82
CAMP-0219,Facebook,Ads,Argentina,Mobile,1717,1459,1,1725.43,695.4,2024-08-06,0.8497,0.48,2.48
CAMP-0220,YouTube,Organic,Mexico,Mobile,12676,1744,519,4432.73,4678.53,2024-08-07,0.1376,2.68,0.95
CAMP-0221,Twitter,Email,Spain,Desktop,5434,4714,761,5081.77,4835.65,2024-08-08,0.8675,1.03,1.05
CAMP-0222,LinkedIn,Email,USA,Desktop,50810,576,650,16651.32,12583.38,2024-08-09,0.0113,21.85,1.32
CAMP-0223,Instagram,Influencer,Argentina,Desktop,95636,2710,635,9317.67,9830.74,2024-08-10,0.0283,3.63,0.95
CAMP-0224,Instagram,Influencer,Germany,Mobile,5994,2222,308,9787.88,4167.68,2024-08-11,0.3707,1.88,2.35
CAMP-0225,TikTok,Email,Mexico,Tablet,5234,329,739,18704.37,14517.71,2024-08-12,0.0629,44.13,1.29
CAMP-0226,Twitter,Influencer,Canada,Tablet,70300,3014,521,12778.01,4857.05,2024-08-13,0.0429,1.61,2.63
CAMP-0227,Facebook,Ads,Argentina,Desktop,44949,4027,468,17983.49,14973.6,2024-08-14,0.0896,3.72,1.2
CAMP-0228,LinkedIn,Influencer,Spain,Desktop,38405,2719,211,9184.53,14942.65,2024-08-15,0.0708,5.5,0.61
CAMP-0229,YouTube,SEO,Brazil,Tablet,35872,2943,111,3073.78,2908.6,2024-08-16,0.082,0.99,1.06
CAMP-0230,Facebook,Influencer,Brazil,Tablet,43215,1801,7,18605.72,4725.48,2024-08-17,0.0417,2.62,3.94
CAMP-0231,Twitter,Organic,USA,Desktop,24185,4031,476,9228.23,7316.36,2024-08-18,0.1667,1.82,1.26
CAMP-0232,YouTube,Ads,UK,Desktop,44442,4819,459,3714.47,9978.31,2024-08-19,0.1084,2.07,0.37
CAMP-0233,TikTok,Organic,USA,Tablet,52759,2411,252,6117.68,7944.31,2024-08-20,0.0457,3.3,0.77
CAMP-0234,TikTok,Organic,Brazil,Mobile,42153,4477,525,1110.97,14543.15,2024-08-21,0.1062,3.25,0.08
CAMP-0235,Instagram,SEO,Canada,Desktop,78535,4181,751,9419.18,10873.64,2024-08-22,0.0532,2.6,0.87
CAMP-0236,Twitter,Ads,Germany,Tablet,3581,1758,437,17077.25,3220.07,2024-08-23,0.4909,1.83,5.3
CAMP-0237,LinkedIn,Ads,Germany,Tablet,52717,2736,753,18678.25,1621.21,2024-08-24,0.0519,0.59,11.52
CAMP-0238,YouTube,Ads,Spain,Tablet,3763,2945,660,18658.78,10341.6,2024-08-25,0.7826,3.51,1.8
CAMP-0239,Facebook,Ads,Germany,Tablet,93910,4585,235,2592.08,2418.86,2024-08-26,0.0488,0.53,1.07
CAMP-0240,Twitter,Ads,Spain,Mobile,56480,2826,305,7702.87,11825.77,2024-08-27,0.05,4.18,0.65
CAMP-0241,Twitter,SEO,Argentina,Tablet,39759,1169,477,661.75,4700.0,2024-08-28,0.0294,4.02,0.14
CAMP-0242,TikTok,Influencer,Spain,Desktop,77067,3038,678,17117.79,4937.05,2024-08-29,0.0394,1.63,3.47
CAMP-0243,Instagram,Organic,Argentina,Mobile,26307,4309,19,7239.24,211.44,2024-08-30,0.1638,0.05,34.24
CAMP-0244,Instagram,Ads,Spain,Tablet,97371,4293,215,12659.23,10530.12,2024-08-31,0.0441,2.45,1.2
CAMP-0245,YouTube,Influencer,Brazil,Mobile,12064,244,134,14326.48,1743.38,2024-09-01,0.0202,7.14,8.22
CAMP-0246,TikTok,Influencer,Brazil,Desktop,77848,712,128,8653.91,11604.56,2024-09-02,0.0091,16.3,0.75
CAMP-0247,Twitter,Organic,UK,Tablet,38548,529,409,6198.2,7403.42,2024-09-03,0.0137,14.0,0.84
CAMP-0248,LinkedIn,SEO,Argentina,Desktop,37945,4268,421,19248.04,11774.98,2024-09-04,0.1125,2.76,1.63
CAMP-0249,TikTok,Email,Mexico,Tablet,48937,1473,293,19293.32,8779.7,2024-09-05,0.0301,5.96,2.2
CAMP-0250,YouTube,Email,Argentina,Tablet,7476,2758,245,5859.78,1282.38,2024-09-06,0.3689,0.46,4.57
CAMP-0251,YouTube,Influencer,Spain,Tablet,52756,3225,700,9644.54,11496.5,2024-09-07,0.0611,3.56,0.84
CAMP-0252,TikTok,Organic,Spain,Tablet,91101,3864,555,19459.6,1093.5,2024-09-08,0.0424,0.28,17.8
CAMP-0253,YouTube,Email,Mexico,Tablet,3382,2064,85,196.88,7206.59,2024-09-09,0.6103,3.49,0.03
CAMP-0254,TikTok,Influencer,USA,Mobile,50683,3839,555,8312.3,2626.62,2024-09-10,0.0757,0.68,3.16
CAMP-0255,Facebook,SEO,Spain,Tablet,88999,4855,374,2099.11,11297.41,2024-09-11,0.0546,2.33,0.19
CAMP-0256,TikTok,Email,UK,Tablet,46276,2493,445,10232.24,13678.29,2024-09-12,0.0539,5.49,0.75
CAMP-0257,TikTok,Influencer,Germany,Mobile,34402,961,377,590.93,8334.19,2024-09-13,0.0279,8.67,0.07
CAMP-0258,YouTube,Influencer,Germany,Mobile,92881,3263,389,8197.28,7930.85,2024-09-14,0.0351,2.43,1.03
CAMP-0259,YouTube,Ads,Canada,Mobile,27946,2414,656,4491.91,11471.25,2024-09-15,0.0864,4.75,0.39
CAMP-0260,Instagram,SEO,Canada,Mobile,80698,3679,50,10712.84,125.93,2024-09-16,0.0456,0.03,85.07
CAMP-0261,Instagram,Ads,Germany,Mobile,74933,3522,241,19920.27,13770.49,2024-09-17,0.047,3.91,1.45
CAMP-0262,Facebook,Organic,Germany,Mobile,23335,730,293,16030.67,3001.86,2024-09-18,0.0313,4.11,5.34
CAMP-0263,Instagram,Ads,Brazil,Tablet,46095,4701,562,16928.28,14762.58,2024-09-19,0.102,3.14,1.15
CAMP-0264,TikTok,Ads,UK,Tablet,80930,659,265,12741.77,11057.0,2024-09-20,0.0081,16.78,1.15
CAMP-0265,YouTube,Email,Mexico,Desktop,28197,2206,119,927.04,11625.05,2024-09-21,0.0782,5.27,0.08
CAMP-0266,Instagram,Influencer,Canada,Tablet,23010,3916,711,4215.27,9860.23,2024-09-22,0.1702,2.52,0.43
CAMP-0267,Instagram,SEO,Brazil,Tablet,25123,421,247,18508.78,7101.36,2024-09-23,0.0168,16.87,2.61
CAMP-0268,Facebook,Ads,Brazil,Mobile,88923,665,69,7385.65,8595.83,2024-09-24,0.0075,12.93,0.86
CAMP-0269,Twitter,SEO,Mexico,Mobile,3890,2303,56,2162.37,743.72,2024-09-25,0.592,0.32,2.91
CAMP-0270,Facebook,Ads,Brazil,Tablet,94305,4992,381,14077.87,9378.19,2024-09-26,0.0529,1.88,1.5
CAMP-0271,TikTok,Organic,Argentina,Desktop,9026,4188,38,6059.21,9410.17,2024-09-27,0.464,2.25,0.64
CAMP-0272,YouTube,Ads,UK,Mobile,65925,914,442,5450.25,13373.45,2024-09-28,0.0139,14.63,0.41
CAMP-0273,Facebook,Email,Germany,Tablet,69842,1318,17,19959.75,7609.56,2024-09-29,0.0189,5.77,2.62
CAMP-0274,Instagram,Influencer,Spain,Tablet,34665,834,731,17176.96,1203.31,2024-09-30,0.0241,1.44,14.27
CAMP-0275,YouTube,Organic,Mexico,Desktop,10277,4621,755,8217.96,4627.63,2024-10-01,0.4496,1.0,1.78
CAMP-0276,YouTube,Ads,Germany,Desktop,43239,4228,351,19607.2,9851.66,2024-10-02,0.0978,2.33,1.99
CAMP-0277,Instagram,SEO,Germany,Mobile,48664,2287,297,13037.25,3626.92,2024-10-03,0.047,1.59,3.59
CAMP-0278,Facebook,Organic,USA,Desktop,49008,4104,282,14866.25,4243.89,2024-10-04,0.0837,1.03,3.5
CAMP-0279,Instagram,Organic,Argentina,Tablet,15683,4945,585,727.11,12316.01,2024-10-05,0.3153,2.49,0.06
CAMP-0280,Twitter,Ads,Mexico,Tablet,1670,985,109,2519.94,8785.58,2024-10-06,0.5898,8.92,0.29
CAMP-0281,YouTube,Organic,Brazil,Desktop,90211,4030,179,12698.39,7652.49,2024-10-07,0.0447,1.9,1.66
CAMP-0282,LinkedIn,SEO,Spain,Desktop,18889,2388,543,17990.58,4810.86,2024-10-08,0.1264,2.01,3.74
CAMP-0283,LinkedIn,Organic,Mexico,Desktop,56612,375,745,12512.5,10977.37,2024-10-09,0.0066,29.27,1.14
CAMP-0284,TikTok,SEO,Brazil,Desktop,45535,1584,793,2767.1,4351.39,2024-10-10,0.0348,2.75,0.64
CAMP-0285,Instagram,Ads,Germany,Mobile,79542,3530,24,2403.62,11069.1,2024-10-11,0.0444,3.14,0.22
CAMP-0286,Instagram,Influencer,Spain,Desktop,55319,3911,790,16899.3,1098.02,2024-10-12,0.0707,0.28,15.39
CAMP-0287,TikTok,Organic,Brazil,Mobile,93067,2035,737,2872.12,12974.89,2024-10-13,0.0219,6.38,0.22
CAMP-0288,TikTok,Influencer,UK,Tablet,22639,4982,56,10452.62,7518.52,2024-10-14,0.2201,1.51,1.39
CAMP-0289,TikTok,SEO,Brazil,Desktop,65712,4653,179,838.56,6605.69,2024-10-15,0.0708,1.42,0.13
CAMP-0290,YouTube,Organic,USA,Mobile,17633,2828,231,1705.33,9184.8,2024-10-16,0.1604,3.25,0.19
CAMP-0291,Twitter,Email,Argentina,Desktop,35660,1320,342,13479.73,9381.67,2024-10-17,0.037,7.11,1.44
CAMP-0292,Instagram,Influencer,Germany,Tablet,69975,690,476,13814.71,2023.93,2024-10-18,0.0099,2.93,6.83
CAMP-0293,YouTube,Organic,Brazil,Tablet,33172,4753,798,6895.24,11355.69,2024-10-19,0.1433,2.39,0.61
CAMP-0294,TikTok,Influencer,Argentina,Tablet,60197,4128,575,4390.63,4175.13,2024-10-20,0.0686,1.01,1.05
CAMP-0295,Instagram,Organic,Canada,Desktop,59847,4711,454,16292.83,13579.18,2024-10-21,0.0787,2.88,1.2
CAMP-0296,YouTube,Ads,Canada,Desktop,12577,1417,231,4420.35,12276.87,2024-10-22,0.1127,8.66,0.36
CAMP-0297,Twitter,Influencer,Argentina,Mobile,78299,4092,288,10886.34,5226.68,2024-10-23,0.0523,1.28,2.08
CAMP-0298,YouTube,Email,Argentina,Tablet,21176,2625,212,19367.36,12125.7,2024-10-24,0.124,4.62,1.6
CAMP-0299,Twitter,Email,USA,Desktop,45386,3653,257,3042.26,5378.04,2024-10-25,0.0805,1.47,0.57
CAMP-0300,TikTok,SEO,UK,Tablet,64972,1631,529,18823.44,1559.17,2024-10-26,0.0251,0.96,12.07
CAMP-0301,Twitter,Organic,Germany,Tablet,90791,2036,686,3739.57,14430.23,2024-10-27,0.0224,7.09,0.26
CAMP-0302,Instagram,Influencer,Mexico,Mobile,42003,2290,228,11392.12,9806.4,2024-10-28,0.0545,4.28,1.16
CAMP-0303,TikTok,SEO,USA,Mobile,20996,4016,225,7602.45,6868.69,2024-10-29,0.1913,1.71,1.11
CAMP-0304,Instagram,Influencer,UK,Mobile,87598,2155,595,19302.08,5996.71,2024-10-30,0.0246,2.78,3.22
CAMP-0305,LinkedIn,Organic,Argentina,Mobile,36931,178,434,5543.49,4904.34,2024-10-31,0.0048,27.55,1.13
CAMP-0306,Facebook,Email,Mexico,Tablet,36710,4851,757,8053.19,14722.64,2024-11-01,0.1321,3.03,0.55
CAMP-0307,Twitter,Ads,Argentina,Mobile,35693,4046,401,19658.92,2064.47,2024-11-02,0.1134,0.51,9.52
CAMP-0308,Facebook,Email,Argentina,Mobile,36740,901,621,10775.76,4756.34,2024-11-03,0.0245,5.28,2.27
CAMP-0309,Facebook,SEO,Canada,Mobile,78241,4153,765,10102.34,7308.19,2024-11-04,0.0531,1.76,1.38
CAMP-0310,Twitter,Ads,Canada,Mobile,94583,2126,87,5229.79,7196.09,2024-11-05,0.0225,3.38,0.73
CAMP-0311,TikTok,SEO,Mexico,Tablet,77502,3044,583,14057.13,7096.93,2024-11-06,0.0393,2.33,1.98
CAMP-0312,LinkedIn,Organic,USA,Mobile,18374,3794,541,386.02,2677.97,2024-11-07,0.2065,0.71,0.14
CAMP-0313,Instagram,Ads,Canada,Tablet,77674,2806,683,1085.3,2216.74,2024-11-08,0.0361,0.79,0.49
CAMP-0314,YouTube,SEO,Germany,Desktop,82471,1694,308,12027.24,3858.78,2024-11-09,0.0205,2.28,3.12
CAMP-0315,Instagram,Organic,Argentina,Tablet,46913,4421,342,6899.32,13722.17,2024-11-10,0.0942,3.1,0.5
CAMP-0316,YouTube,Email,Spain,Tablet,67025,3194,435,19071.0,1740.14,2024-11-11,0.0477,0.54,10.96
CAMP-0317,Instagram,Organic,Brazil,Mobile,45516,292,176,18073.49,11373.51,2024-11-12,0.0064,38.95,1.59
CAMP-0318,Twitter,Influencer,Mexico,Desktop,88796,4135,138,14302.75,11375.35,2024-11-13,0.0466,2.75,1.26
CAMP-0319,LinkedIn,Organic,Mexico,Desktop,27069,220,193,16381.1,12156.07,2024-11-14,0.0081,55.25,1.35
CAMP-0320,YouTube,Organic,Canada,Desktop,57233,702,185,13379.9,13304.9,2024-11-15,0.0123,18.95,1.01
CAMP-0321,TikTok,Influencer,USA,Desktop,85811,3562,217,2599.08,3982.39,2024-11-16,0.0415,1.12,0.65
CAMP-0322,Instagram,SEO,Argentina,Tablet,60049,1549,163,15334.31,3407.16,2024-11-17,0.0258,2.2,4.5
CAMP-0323,Instagram,SEO,Germany,Desktop,40178,2149,160,4282.82,7009.31,2024-11-18,0.0535,3.26,0.61
CAMP-0324,YouTube,Organic,USA,Tablet,33821,2208,524,6536.51,4013.08,2024-11-19,0.0653,1.82,1.63
CAMP-0325,TikTok,Influencer,UK,Tablet,52727,2022,600,16402.76,11027.93,2024-11-20,0.0383,5.45,1.49
CAMP-0326,TikTok,Influencer,UK,Tablet,61935,3975,41,10776.86,9557.3,2024-11-21,0.0642,2.4,1.13
CAMP-0327,Twitter,Email,Spain,Desktop,17999,2308,209,17212.82,13131.07,2024-11-22,0.1282,5.69,1.31
CAMP-0328,Twitter,SEO,Canada,Mobile,63522,4089,740,4339.4,1286.94,2024-11-23,0.0644,0.31,3.37
CAMP-0329,Twitter,Ads,Canada,Mobile,39712,2085,274,12194.79,13730.5,2024-11-24,0.0525,6.59,0.89
CAMP-0330,Twitter,SEO,Canada,Desktop,65551,3321,278,1767.44,4435.56,2024-11-25,0.0507,1.34,0.4
CAMP-0331,Twitter,SEO,Spain,Mobile,41172,907,250,12896.91,7385.88,2024-11-26,0.022,8.14,1.75
CAMP-0332,Twitter,Email,UK,Mobile,34722,3873,309,15274.43,6607.24,2024-11-27,0.1115,1.71,2.31
CAMP-0333,LinkedIn,Ads,USA,Tablet,11625,1099,719,11740.12,11416.66,2024-11-28,0.0945,10.39,1.03
CAMP-0334,TikTok,Email,Spain,Tablet,68165,4040,139,5398.01,6333.98,2024-11-29,0.0593,1.57,0.85
CAMP-0335,Twitter,Ads,Spain,Desktop,77509,348,791,723.72,14156.12,2024-11-30,0.0045,40.68,0.05
CAMP-0336,TikTok,Organic,USA,Desktop,7859,973,545,2477.03,13542.88,2024-12-01,0.1238,13.92,0.18
CAMP-0337,TikTok,Ads,Canada,Mobile,42609,4282,529,12483.83,13088.81,2024-12-02,0.1005,3.06,0.95
CAMP-0338,Facebook,Email,Germany,Tablet,44307,4356,56,18694.96,1115.31,2024-12-03,0.0983,0.26,16.76
CAMP-0339,LinkedIn,SEO,USA,Desktop,22839,2849,111,4210.03,12821.16,2024-12-04,0.1247,4.5,0.33
CAMP-0340,Twitter,Ads,UK,Desktop,28216,4925,4,14727.02,11735.45,2024-12-05,0.1745,2.38,1.25
CAMP-0341,Instagram,Ads,Mexico,Desktop,53953,4112,409,17342.38,1597.52,2024-12-06,0.0762,0.39,10.86
CAMP-0342,YouTube,Influencer,Argentina,Desktop,85481,4095,413,10465.56,1655.84,2024-12-07,0.0479,0.4,6.32
CAMP-0343,Instagram,SEO,Mexico,Desktop,61593,1852,181,13418.39,1562.4,2024-12-08,0.0301,0.84,8.59
CAMP-0344,LinkedIn,Organic,Brazil,Desktop,73075,2763,12,16318.8,219.42,2024-12-09,0.0378,0.08,74.37
CAMP-0345,YouTube,Email,Brazil,Mobile,50522,4556,338,5287.44,8252.08,2024-12-10,0.0902,1.81,0.64
CAMP-0346,LinkedIn,Organic,Spain,Tablet,5886,2903,796,6008.22,14602.24,2024-12-11,0.4932,5.03,0.41
CAMP-0347,TikTok,SEO,Argentina,Tablet,8485,2707,258,112.49,6608.34,2024-12-12,0.319,2.44,0.02
CAMP-0348,YouTube,Ads,Mexico,Desktop,32455,4572,89,19265.57,8134.32,2024-12-13,0.1409,1.78,2.37
CAMP-0349,TikTok,Ads,Germany,Tablet,17767,3396,615,18359.14,14521.15,2024-12-14,0.1911,4.28,1.26
CAMP-0350,Instagram,SEO,Canada,Tablet,29453,1521,697,15314.91,3864.97,2024-12-15,0.0516,2.54,3.96
CAMP-0351,Instagram,Ads,UK,Tablet,77280,2999,249,1673.61,12884.13,2024-12-16,0.0388,4.3,0.13
CAMP-0352,YouTube,Ads,Brazil,Desktop,54442,991,254,9005.31,8218.54,2024-12-17,0.0182,8.29,1.1
CAMP-0353,YouTube,Ads,Germany,Desktop,52877,1957,587,2127.65,8563.67,2024-12-18,0.037,4.38,0.25
CAMP-0354,Twitter,Email,UK,Tablet,13226,4887,107,416.81,5180.45,2024-12-19,0.3695,1.06,0.08
CAMP-0355,LinkedIn,Email,UK,Tablet,94405,1293,667,12362.04,8445.69,2024-12-20,0.0137,6.53,1.46
CAMP-0356,Twitter,Influencer,Canada,Desktop,23588,4473,593,19220.51,1143.48,2024-12-21,0.1896,0.26,16.81
CAMP-0357,LinkedIn,Organic,Argentina,Mobile,79976,1516,588,18067.07,11481.42,2024-12-22,0.019,7.57,1.57
CAMP-0358,Twitter,SEO,Spain,Tablet,32709,4007,484,13965.42,4306.08,2024-12-23,0.1225,1.07,3.24
CAMP-0359,TikTok,SEO,Mexico,Mobile,48788,2016,257,2023.15,13319.74,2024-12-24,0.0413,6.61,0.15
CAMP-0360,YouTube,SEO,Canada,Tablet,89031,425,638,5555.86,5549.37,2024-12-25,0.0048,13.06,1.0
CAMP-0361,Instagram,Influencer,Germany,Mobile,38019,312,281,6469.13,2185.22,2024-12-26,0.0082,7.0,2.96
CAMP-0362,LinkedIn,Email,Spain,Mobile,45948,4412,87,15286.69,10453.43,2024-12-27,0.096,2.37,1.46
CAMP-0363,LinkedIn,Influencer,Germany,Mobile,66133,3438,203,16064.76,2510.44,2024-12-28,0.052,0.73,6.4
CAMP-0364,Instagram,SEO,Spain,Desktop,67458,3445,15,7763.61,11317.52,2024-12-29,0.0511,3.29,0.69
CAMP-0365,Twitter,Organic,Argentina,Mobile,28526,1994,150,8415.89,14523.28,2024-12-30,0.0699,7.28,0.58
CAMP-0366,LinkedIn,Ads,Brazil,Mobile,74493,1943,253,985.73,11704.32,2024-12-31,0.0261,6.02,0.08
CAMP-0367,TikTok,Email,Germany,Mobile,53198,3684,187,5853.82,385.62,2025-01-01,0.0693,0.1,15.18
CAMP-0368,YouTube,Email,Canada,Tablet,44395,1702,328,9080.58,9018.29,2025-01-02,0.0383,5.3,1.01
CAMP-0369,Instagram,Influencer,Spain,Mobile,25031,4191,543,2427.96,10446.39,2025-01-03,0.1674,2.49,0.23
CAMP-0370,YouTube,Email,Spain,Tablet,76542,3942,782,9120.02,12390.6,2025-01-04,0.0515,3.14,0.74
CAMP-0371,LinkedIn,SEO,UK,Mobile,38701,649,396,17078.2,887.23,2025-01-05,0.0168,1.37,19.25
CAMP-0372,LinkedIn,SEO,UK,Mobile,26939,4865,516,11668.29,7227.61,2025-01-06,0.1806,1.49,1.61
CAMP-0373,Instagram,Influencer,USA,Desktop,50145,1962,458,1670.7,8053.79,2025-01-07,0.0391,4.1,0.21
CAMP-0374,TikTok,SEO,Germany,Tablet,21324,1342,329,3914.26,2578.42,2025-01-08,0.0629,1.92,1.52
CAMP-0375,Facebook,Organic,UK,Mobile,23867,650,168,9543.43,4870.62,2025-01-09,0.0272,7.49,1.96
CAMP-0376,Instagram,Influencer,USA,Tablet,1203,430,692,7293.59,6631.31,2025-01-10,0.3574,15.42,1.1
CAMP-0377,Facebook,Organic,Brazil,Tablet,17544,4263,365,7238.67,12506.48,2025-01-11,0.243,2.93,0.58
CAMP-0378,Twitter,Ads,Brazil,Desktop,16899,3687,177,10632.42,13944.64,2025-01-12,0.2182,3.78,0.76
CAMP-0379,Facebook,Organic,UK,Desktop,30063,2213,654,11729.48,9444.92,2025-01-13,0.0736,4.27,1.24
CAMP-0380,TikTok,Ads,Germany,Desktop,91880,4405,361,15957.55,5954.43,2025-01-14,0.0479,1.35,2.68
CAMP-0381,Twitter,Ads,Spain,Desktop,4748,1148,759,6885.23,3847.76,2025-01-15,0.2418,3.35,1.79
CAMP-0382,Facebook,Organic,Mexico,Desktop,67629,415,638,16128.78,14732.92,2025-01-16,0.0061,35.5,1.09
CAMP-0383,Twitter,Influencer,Argentina,Desktop,81764,2620,774,6838.36,14746.15,2025-01-17,0.032,5.63,0.46
CAMP-0384,Facebook,SEO,Germany,Desktop,21884,3469,39,1203.12,13878.41,2025-01-18,0.1585,4.0,0.09
CAMP-0385,TikTok,SEO,Argentina,Desktop,26183,2526,415,11128.33,11795.75,2025-01-19,0.0965,4.67,0.94
CAMP-0386,Facebook,Ads,Canada,Mobile,82570,840,354,11799.26,4920.4,2025-01-20,0.0102,5.86,2.4
CAMP-0387,Facebook,Ads,Brazil,Tablet,72246,3619,254,18697.35,12264.16,2025-01-21,0.0501,3.39,1.52
CAMP-0388,Facebook,Influencer,UK,Desktop,20259,796,142,14548.62,6161.46,2025-01-22,0.0393,7.74,2.36
CAMP-0389,Instagram,Email,UK,Desktop,36959,362,751,18363.68,4935.26,2025-01-23,0.0098,13.63,3.72
CAMP-0390,Instagram,Organic,Argentina,Tablet,34457,4683,739,18176.11,11185.74,2025-01-24,0.1359,2.39,1.62
CAMP-0391,Instagram,Ads,Spain,Mobile,86679,970,709,12131.02,1240.83,2025-01-25,0.0112,1.28,9.78
CAMP-0392,TikTok,SEO,Argentina,Tablet,3103,1127,576,10602.47,776.01,2025-01-26,0.3632,0.69,13.66
CAMP-0393,Twitter,Influencer,Canada,Tablet,66901,2879,10,11193.08,6746.91,2025-01-27,0.043,2.34,1.66
CAMP-0394,LinkedIn,Organic,Spain,Desktop,45535,2431,619,19568.78,6712.3,2025-01-28,0.0534,2.76,2.92
CAMP-0395,Facebook,Influencer,Canada,Tablet,17103,3668,25,15486.04,13439.88,2025-01-29,0.2145,3.66,1.15
CAMP-0396,Facebook,Organic,Mexico,Tablet,99046,847,420,2214.69,1935.99,2025-01-30,0.0086,2.29,1.14
CAMP-0397,TikTok,Organic,Brazil,Desktop,91012,4493,662,15590.73,1893.09,2025-01-31,0.0494,0.42,8.24
CAMP-0398,Facebook,Ads,UK,Desktop,79278,322,220,3493.71,2254.42,2025-02-01,0.0041,7.0,1.55
CAMP-0399,Instagram,Influencer,UK,Desktop,13391,3060,495,9002.28,494.56,2025-02-02,0.2285,0.16,18.2
CAMP-0400,LinkedIn,Influencer,Mexico,Desktop,29901,4865,236,4288.15,1122.39,2025-02-03,0.1627,0.23,3.82
CAMP-0401,YouTube,SEO,USA,Tablet,98537,1823,236,13822.7,9915.05,2025-02-04,0.0185,5.44,1.39
CAMP-0402,Facebook,SEO,Brazil,Tablet,82159,2597,218,17558.46,6502.19,2025-02-05,0.0316,2.5,2.7
CAMP-0403,Instagram,Ads,Spain,Mobile,68914,3214,486,5878.2,11465.87,2025-02-06,0.0466,3.57,0.51
CAMP-0404,YouTube,Ads,Mexico,Mobile,51357,4830,460,1732.01,14889.34,2025-02-07,0.094,3.08,0.12
CAMP-0405,LinkedIn,Email,Spain,Tablet,87908,4767,662,6040.01,9902.57,2025-02-08,0.0542,2.08,0.61
CAMP-0406,YouTube,SEO,Argentina,Mobile,39437,996,634,13480.0,804.31,2025-02-09,0.0253,0.81,16.76
CAMP-0407,Instagram,Organic,Germany,Tablet,36503,2715,143,6642.33,1613.21,2025-02-10,0.0744,0.59,4.12
CAMP-0408,Twitter,Influencer,UK,Mobile,97282,556,188,5634.43,13221.01,2025-02-11,0.0057,23.78,0.43
CAMP-0409,Twitter,Ads,Spain,Desktop,94459,293,254,3770.26,7936.06,2025-02-12,0.0031,27.09,0.48
CAMP-0410,YouTube,Influencer,Canada,Mobile,76403,555,67,10000.58,12381.32,2025-02-13,0.0073,22.31,0.81
CAMP-0411,TikTok,Influencer,Spain,Desktop,42258,4567,615,5591.38,12856.35,2025-02-14,0.1081,2.82,0.43
CAMP-0412,YouTube,Email,Germany,Desktop,34724,3208,335,14647.11,13918.73,2025-02-15,0.0924,4.34,1.05
CAMP-0413,Facebook,SEO,Brazil,Desktop,65286,3640,670,1624.79,14249.95,2025-02-16,0.0558,3.91,0.11
CAMP-0414,Facebook,Ads,UK,Desktop,75842,1922,408,13314.26,8344.65,2025-02-17,0.0253,4.34,1.6
CAMP-0415,Twitter,Influencer,Argentina,Mobile,15908,3843,299,4827.44,5148.25,2025-02-18,0.2416,1.34,0.94
CAMP-0416,TikTok,Ads,Mexico,Tablet,93617,1242,601,9836.66,14429.88,2025-02-19,0.0133,11.62,0.68
CAMP-0417,Instagram,Organic,Argentina,Desktop,51626,4475,356,5793.19,8233.73,2025-02-20,0.0867,1.84,0.7
CAMP-0418,Facebook,Email,Germany,Mobile,38228,4795,255,14483.1,1010.58,2025-02-21,0.1254,0.21,14.33
CAMP-0419,Twitter,Organic,UK,Desktop,24386,1514,352,18911.61,9659.51,2025-02-22,0.0621,6.38,1.96
CAMP-0420,LinkedIn,Ads,Spain,Mobile,47754,440,731,18349.83,8835.89,2025-02-23,0.0092,20.08,2.08
CAMP-0421,Twitter,Ads,Brazil,Mobile,29302,4526,520,11710.18,13442.1,2025-02-24,0.1545,2.97,0.87
CAMP-0422,Facebook,SEO,USA,Mobile,61815,3427,523,9305.95,9815.15,2025-02-25,0.0554,2.86,0.95
CAMP-0423,Facebook,Influencer,Brazil,Tablet,85748,4887,755,16384.18,5268.33,2025-02-26,0.057,1.08,3.11
CAMP-0424,Twitter,Influencer,USA,Mobile,64344,4965,693,13698.19,14495.07,2025-02-27,0.0772,2.92,0.95
CAMP-0425,Instagram,Organic,Canada,Mobile,36618,722,283,3752.93,12034.21,2025-02-28,0.0197,16.67,0.31
CAMP-0426,YouTube,Email,Brazil,Tablet,77234,2610,311,16436.29,9474.74,2025-03-01,0.0338,3.63,1.73
CAMP-0427,Facebook,Influencer,UK,Tablet,62114,1261,98,8634.8,4429.23,2025-03-02,0.0203,3.51,1.95
CAMP-0428,Twitter,SEO,USA,Mobile,71130,979,196,3860.81,5634.43,2025-03-03,0.0138,5.76,0.69
CAMP-0429,Twitter,Organic,Mexico,Tablet,26525,1589,481,5707.77,10066.05,2025-03-04,0.0599,6.33,0.57
CAMP-0430,TikTok,Organic,UK,Desktop,80818,962,225,5423.79,1126.11,2025-03-05,0.0119,1.17,4.82
CAMP-0431,YouTube,SEO,Mexico,Desktop,15334,693,614,10432.22,3887.37,2025-03-06,0.0452,5.61,2.68
CAMP-0432,LinkedIn,Email,Brazil,Tablet,95715,4572,617,4763.96,10722.82,2025-03-07,0.0478,2.35,0.44
CAMP-0433,Instagram,SEO,Mexico,Tablet,63767,551,364,2558.97,7226.28,2025-03-08,0.0086,13.11,0.35
CAMP-0434,LinkedIn,Email,USA,Mobile,7644,779,367,2561.45,6065.78,2025-03-09,0.1019,7.79,0.42
CAMP-0435,YouTube,SEO,UK,Tablet,33933,1333,569,11707.2,2314.29,2025-03-10,0.0393,1.74,5.06
CAMP-0436,YouTube,SEO,Spain,Mobile,44469,2168,589,14721.71,6655.64,2025-03-11,0.0488,3.07,2.21
CAMP-0437,YouTube,Ads,Germany,Desktop,34687,4602,74,6498.51,11571.84,2025-03-12,0.1327,2.51,0.56
CAMP-0438,LinkedIn,Organic,USA,Tablet,53656,4436,41,789.55,3996.99,2025-03-13,0.0827,0.9,0.2
CAMP-0439,YouTube,SEO,USA,Mobile,18375,3886,421,2631.78,130.71,2025-03-14,0.2115,0.03,20.13
CAMP-0440,Twitter,SEO,Spain,Mobile,66206,969,180,18302.42,10044.15,2025-03-15,0.0146,10.37,1.82
CAMP-0441,LinkedIn,Influencer,UK,Desktop,97462,4100,544,9921.52,14590.77,2025-03-16,0.0421,3.56,0.68
CAMP-0442,YouTube,Organic,UK,Tablet,37607,2389,70,9126.1,9122.06,2025-03-17,0.0635,3.82,1.0
CAMP-0443,Twitter,Influencer,Argentina,Desktop,84178,805,567,857.18,1842.83,2025-03-18,0.0096,2.29,0.47
CAMP-0444,TikTok,Organic,Brazil,Mobile,24993,1919,104,14599.88,4844.96,2025-03-19,0.0768,2.52,3.01
CAMP-0445,YouTube,Influencer,Mexico,Mobile,45386,4522,199,10608.55,13021.24,2025-03-20,0.0996,2.88,0.81
CAMP-0446,LinkedIn,SEO,Brazil,Tablet,47287,557,100,4121.41,3526.89,2025-03-21,0.0118,6.33,1.17
CAMP-0447,Facebook,SEO,Spain,Mobile,87724,1486,767,2290.47,9135.05,2025-03-22,0.0169,6.15,0.25
CAMP-0448,YouTube,Ads,Brazil,Tablet,99132,2625,306,7729.42,6069.93,2025-03-23,0.0265,2.31,1.27
CAMP-0449,Facebook,Influencer,Spain,Desktop,94308,3476,585,16759.52,3157.26,2025-03-24,0.0369,0.91,5.31
CAMP-0450,Twitter,Email,UK,Tablet,97393,608,682,17319.36,12210.43,2025-03-25,0.0062,20.08,1.42
CAMP-0451,TikTok,Ads,Mexico,Tablet,77312,3152,376,12096.64,11155.33,2025-03-26,0.0408,3.54,1.08
CAMP-0452,Instagram,Influencer,Brazil,Mobile,99371,4566,654,14577.97,9940.79,2025-03-27,0.0459,2.18,1.47
CAMP-0453,TikTok,Influencer,USA,Mobile,76324,3672,677,2391.6,3583.23,2025-03-28,0.0481,0.98,0.67
CAMP-0454,YouTube,Ads,Canada,Tablet,72196,4449,398,11803.71,1512.96,2025-03-29,0.0616,0.34,7.8
CAMP-0455,Facebook,SEO,Argentina,Mobile,71014,4107,772,13372.62,8663.58,2025-03-30,0.0578,2.11,1.54
CAMP-0456,Facebook,Influencer,Germany,Mobile,9210,3765,220,4094.19,8327.48,2025-03-31,0.4088,2.21,0.49
CAMP-0457,LinkedIn,SEO,USA,Mobile,11922,1351,594,17615.08,2866.36,2025-04-01,0.1133,2.12,6.15
CAMP-0458,Facebook,Ads,UK,Tablet,37289,2205,181,3980.44,890.89,2025-04-02,0.0591,0.4,4.47
CAMP-0459,LinkedIn,SEO,Germany,Mobile,34340,742,306,6338.2,1256.59,2025-04-03,0.0216,1.69,5.04
CAMP-0460,Twitter,Organic,Canada,Tablet,40850,4400,521,12449.08,14891.93,2025-04-04,0.1077,3.38,0.84
CAMP-0461,Instagram,Email,Canada,Mobile,57984,1528,395,12803.17,11764.58,2025-04-05,0.0264,7.7,1.09
CAMP-0462,YouTube,Influencer,Mexico,Desktop,85178,306,3,14017.76,13833.71,2025-04-06,0.0036,45.21,1.01
CAMP-0463,LinkedIn,Email,Germany,Mobile,12094,2480,280,2329.03,2966.07,2025-04-07,0.2051,1.2,0.79
CAMP-0464,Instagram,SEO,Mexico,Mobile,88959,491,214,17004.34,14410.5,2025-04-08,0.0055,29.35,1.18
CAMP-0465,Facebook,Influencer,USA,Tablet,34418,1931,609,10703.66,2182.68,2025-04-09,0.0561,1.13,4.9
CAMP-0466,Facebook,SEO,Spain,Tablet,6741,2696,419,9479.3,7660.77,2025-04-10,0.3999,2.84,1.24
CAMP-0467,Instagram,Organic,Spain,Mobile,73374,3870,100,19623.84,12453.95,2025-04-11,0.0527,3.22,1.58
CAMP-0468,Facebook,Ads,Spain,Desktop,69798,4727,520,14833.53,5279.56,2025-04-12,0.0677,1.12,2.81
CAMP-0469,Twitter,Influencer,Germany,Mobile,71532,1785,572,2448.32,6401.19,2025-04-13,0.025,3.59,0.38
CAMP-0470,Twitter,Organic,Spain,Mobile,23164,3785,308,15155.13,1966.37,2025-04-14,0.1634,0.52,7.71
CAMP-0471,Instagram,Organic,USA,Desktop,36595,2695,657,1995.45,1887.68,2025-04-15,0.0736,0.7,1.06
CAMP-0472,LinkedIn,Influencer,Mexico,Tablet,31257,68,509,646.66,9312.54,2025-04-16,0.0022,136.95,0.07
CAMP-0473,LinkedIn,SEO,Germany,Mobile,15211,1174,62,8132.16,10149.21,2025-04-17,0.0772,8.64,0.8
CAMP-0474,Instagram,Organic,Mexico,Tablet,96989,4035,632,19872.21,11671.12,2025-04-18,0.0416,2.89,1.7
CAMP-0475,LinkedIn,Email,Germany,Tablet,6232,2704,225,3580.19,8372.4,2025-04-19,0.4339,3.1,0.43
CAMP-0476,LinkedIn,Organic,Mexico,Desktop,68753,2130,104,13485.62,9704.1,2025-04-20,0.031,4.56,1.39
CAMP-0477,Twitter,SEO,Canada,Desktop,53691,1597,771,3550.58,252.08,2025-04-21,0.0297,0.16,14.09
CAMP-0478,LinkedIn,SEO,Mexico,Tablet,90765,911,424,14523.26,2474.45,2025-04-22,0.01,2.72,5.87
CAMP-0479,TikTok,Email,Spain,Mobile,80768,204,254,10156.54,14774.48,2025-04-23,0.0025,72.42,0.69
CAMP-0480,YouTube,Organic,Canada,Tablet,26613,3544,428,13631.44,1186.1,2025-04-24,0.1332,0.33,11.49
CAMP-0481,Facebook,SEO,Mexico,Mobile,15026,954,433,4137.18,10197.88,2025-04-25,0.0635,10.69,0.41
CAMP-0482,TikTok,Influencer,Germany,Mobile,54535,1319,206,14938.0,2682.44,2025-04-26,0.0242,2.03,5.57
CAMP-0483,LinkedIn,Ads,Germany,Desktop,95090,454,27,19912.82,10764.94,2025-04-27,0.0048,23.71,1.85
CAMP-0484,Twitter,Ads,Argentina,Mobile,31908,893,681,13346.44,10604.56,2025-04-28,0.028,11.88,1.26
CAMP-0485,Instagram,Ads,Germany,Mobile,53113,1832,335,9920.25,3551.28,2025-04-29,0.0345,1.94,2.79
CAMP-0486,LinkedIn,Organic,UK,Tablet,20610,1614,587,18471.16,4081.03,2025-04-30,0.0783,2.53,4.53
CAMP-0487,Twitter,Email,USA,Desktop,47646,1234,627,415.45,9838.82,2025-05-01,0.0259,7.97,0.04
CAMP-0488,YouTube,SEO,Germany,Mobile,64185,796,68,14625.48,5881.79,2025-05-02,0.0124,7.39,2.49
CAMP-0489,LinkedIn,Influencer,Canada,Mobile,73567,1775,745,17786.06,2958.49,2025-05-03,0.0241,1.67,6.01
CAMP-0490,Instagram,Influencer,Argentina,Desktop,48574,3238,512,1327.32,10988.61,2025-05-04,0.0667,3.39,0.12
CAMP-0491,Twitter,Organic,Germany,Tablet,92051,320,166,9056.28,2354.51,2025-05-05,0.0035,7.36,3.85
CAMP-0492,Twitter,Ads,UK,Desktop,37182,4915,729,4173.92,12841.87,2025-05-06,0.1322,2.61,0.33
CAMP-0493,Twitter,Organic,Spain,Desktop,1570,4006,784,11373.71,7744.31,2025-05-07,2.5516,1.93,1.47
CAMP-0494,YouTube,Email,Canada,Mobile,98790,221,367,13025.9,1630.22,2025-05-08,0.0022,7.38,7.99
CAMP-0495,LinkedIn,Email,UK,Mobile,20288,323,250,6122.2,10426.38,2025-05-09,0.0159,32.28,0.59
CAMP-0496,YouTube,SEO,Spain,Tablet,79824,2356,685,9253.64,7811.49,2025-05-10,0.0295,3.32,1.18
CAMP-0497,Facebook,SEO,Brazil,Mobile,30877,1208,169,5658.86,4505.96,2025-05-11,0.0391,3.73,1.26
CAMP-0498,Facebook,Email,Brazil,Mobile,85425,1756,757,7450.88,6366.96,2025-05-12,0.0206,3.63,1.17
CAMP-0499,LinkedIn,Email,Canada,Desktop,1917,1821,89,3274.85,4510.15,2025-05-13,0.9499,2.48,0.73
CAMP-0500,YouTube,Email,Mexico,Mobile,76602,471,560,17722.63,3982.24,2025-05-14,0.0061,8.45,4.45
CAMP-0501,Instagram,Organic,USA,Tablet,96040,1259,445,299.21,2495.95,2025-05-15,0.0131,1.98,0.12
CAMP-0502,Twitter,Email,Argentina,Desktop,65575,4725,293,17659.94,5473.37,2025-05-16,0.0721,1.16,3.23
CAMP-0503,Twitter,Influencer,USA,Tablet,73518,940,149,11476.41,3802.26,2025-05-17,0.0128,4.04,3.02
CAMP-0504,LinkedIn,Ads,UK,Desktop,40104,4867,131,6699.99,10267.35,2025-05-18,0.1214,2.11,0.65
CAMP-0505,Facebook,Email,Spain,Mobile,19062,3317,432,14488.84,10273.96,2025-05-19,0.174,3.1,1.41
CAMP-0506,Facebook,Ads,USA,Desktop,17999,1523,58,10204.27,7552.51,2025-05-20,0.0846,4.96,1.35
CAMP-0507,Twitter,Organic,Spain,Desktop,62845,3293,198,10032.26,11680.27,2025-05-21,0.0524,3.55,0.86
CAMP-0508,LinkedIn,Ads,Spain,Mobile,10941,4528,214,2291.83,12628.03,2025-05-22,0.4139,2.79,0.18
CAMP-0509,YouTube,Organic,UK,Mobile,62169,2231,560,7851.37,8717.51,2025-05-23,0.0359,3.91,0.9
CAMP-0510,Facebook,Influencer,UK,Tablet,24470,1499,471,4897.18,9303.08,2025-05-24,0.0613,6.21,0.53
CAMP-0511,YouTube,Organic,UK,Tablet,60821,3146,743,412.35,4279.14,2025-05-25,0.0517,1.36,0.1
CAMP-0512,Facebook,Organic,USA,Mobile,87669,3306,246,7265.98,13428.29,2025-05-26,0.0377,4.06,0.54
CAMP-0513,Facebook,SEO,Brazil,Mobile,45435,3206,381,1887.46,411.88,2025-05-27,0.0706,0.13,4.58
CAMP-0514,TikTok,Email,UK,Mobile,5529,1640,238,5210.92,5261.61,2025-05-28,0.2966,3.21,0.99
CAMP-0515,Facebook,Email,Argentina,Desktop,84055,4289,366,1941.08,10840.92,2025-05-29,0.051,2.53,0.18
CAMP-0516,Instagram,Influencer,USA,Desktop,13192,4031,167,2108.74,1247.34,2025-05-30,0.3056,0.31,1.69
CAMP-0517,LinkedIn,Influencer,UK,Desktop,75102,1485,559,4060.32,2788.38,2025-05-31,0.0198,1.88,1.46
CAMP-0518,LinkedIn,Email,Germany,Mobile,73762,273,50,19997.0,8859.82,2025-06-01,0.0037,32.45,2.26
CAMP-0519,YouTube,SEO,Spain,Tablet,87795,269,609,143.46,8421.91,2025-06-02,0.0031,31.31,0.02
CAMP-0520,Facebook,Email,Argentina,Mobile,35087,4324,727,12809.59,11096.98,2025-06-03,0.1232,2.57,1.15
CAMP-0521,Instagram,SEO,UK,Desktop,67677,1704,688,2910.75,12198.56,2025-06-04,0.0252,7.16,0.24
CAMP-0522,YouTube,Influencer,Canada,Desktop,5627,4578,379,18420.5,1972.26,2025-06-05,0.8136,0.43,9.34
CAMP-0523,TikTok,Ads,Spain,Mobile,57541,314,473,1963.29,324.8,2025-06-06,0.0055,1.03,6.04
CAMP-0524,YouTube,Influencer,Spain,Mobile,69226,1003,79,19105.76,10360.1,2025-06-07,0.0145,10.33,1.84
CAMP-0525,YouTube,Influencer,UK,Desktop,4255,4574,696,12257.44,4555.81,2025-06-08,1.075,1.0,2.69
CAMP-0526,Facebook,Organic,Brazil,Desktop,58433,3783,366,125.23,9408.46,2025-06-09,0.0647,2.49,0.01
CAMP-0527,TikTok,Organic,Mexico,Desktop,6213,2824,460,17890.74,2300.64,2025-06-10,0.4545,0.81,7.78
CAMP-0528,YouTube,Organic,Brazil,Mobile,20404,3174,538,10482.06,7062.15,2025-06-11,0.1556,2.22,1.48
CAMP-0529,Instagram,Organic,UK,Desktop,26380,529,451,5327.13,7591.15,2025-06-12,0.0201,14.35,0.7
CAMP-0530,Instagram,SEO,Spain,Desktop,92056,3564,463,15368.86,8796.91,2025-06-13,0.0387,2.47,1.75
CAMP-0531,LinkedIn,Email,Argentina,Tablet,20173,1403,477,18540.64,7721.89,2025-06-14,0.0695,5.5,2.4
CAMP-0532,TikTok,Ads,Canada,Mobile,54027,3372,419,9725.45,7460.58,2025-06-15,0.0624,2.21,1.3
CAMP-0533,TikTok,Influencer,Argentina,Tablet,24989,3928,706,6379.51,5024.38,2025-06-16,0.1572,1.28,1.27
CAMP-0534,LinkedIn,SEO,Argentina,Tablet,25519,939,213,15800.01,1114.14,2025-06-17,0.0368,1.19,14.18
CAMP-0535,YouTube,Ads,Spain,Desktop,23439,3904,368,13667.53,1388.33,2025-06-18,0.1666,0.36,9.84
CAMP-0536,TikTok,SEO,Brazil,Mobile,77949,974,113,17786.17,6534.99,2025-06-19,0.0125,6.71,2.72
CAMP-0537,Instagram,SEO,Canada,Desktop,15995,2220,753,13881.03,5369.11,2025-06-20,0.1388,2.42,2.59
CAMP-0538,Instagram,Influencer,USA,Mobile,24559,1952,502,4946.21,7766.22,2025-06-21,0.0795,3.98,0.64
CAMP-0539,Facebook,Email,Germany,Tablet,90049,4923,635,18640.02,4607.33,2025-06-22,0.0547,0.94,4.05
CAMP-0540,TikTok,Organic,Spain,Mobile,6021,2445,587,2186.23,10334.26,2025-06-23,0.4061,4.23,0.21
CAMP-0541,YouTube,Email,UK,Desktop,99000,78,310,5432.06,12966.12,2025-06-24,0.0008,166.23,0.42
CAMP-0542,LinkedIn,Influencer,USA,Desktop,22119,84,468,10451.87,4518.0,2025-06-25,0.0038,53.79,2.31
CAMP-0543,LinkedIn,Influencer,Germany,Desktop,52539,3639,707,11358.27,2935.11,2025-06-26,0.0693,0.81,3.87
CAMP-0544,YouTube,Influencer,UK,Mobile,95835,2720,43,404.68,1786.9,2025-06-27,0.0284,0.66,0.23
CAMP-0545,Twitter,Ads,Argentina,Tablet,40350,3415,414,15633.4,9263.0,2025-06-28,0.0846,2.71,1.69
CAMP-0546,Facebook,Email,Mexico,Tablet,47223,638,697,7295.99,6685.65,2025-06-29,0.0135,10.48,1.09
CAMP-0547,LinkedIn,Email,UK,Mobile,26517,3268,245,8187.73,2860.83,2025-06-30,0.1232,0.88,2.86
CAMP-0548,TikTok,SEO,Canada,Desktop,79653,3188,83,16206.45,9814.39,2025-07-01,0.04,3.08,1.65
CAMP-0549,Facebook,SEO,Canada,Tablet,23250,953,206,7647.74,2269.82,2025-07-02,0.041,2.38,3.37
CAMP-0550,TikTok,SEO,Mexico,Desktop,85486,4136,150,1039.78,8336.8,2025-07-03,0.0484,2.02,0.12
CAMP-0551,Instagram,Influencer,USA,Mobile,83895,2219,667,3611.15,7930.87,2025-07-04,0.0264,3.57,0.46
CAMP-0552,Facebook,Email,Germany,Desktop,90132,389,527,19122.47,11026.71,2025-07-05,0.0043,28.35,1.73
CAMP-0553,LinkedIn,Influencer,UK,Tablet,92066,4320,164,1501.07,873.89,2025-07-06,0.0469,0.2,1.72
CAMP-0554,Facebook,Ads,Canada,Tablet,67798,1764,144,7163.13,13323.7,2025-07-07,0.026,7.55,0.54
CAMP-0555,Facebook,SEO,USA,Desktop,55199,4742,36,10113.27,10559.73,2025-07-08,0.0859,2.23,0.96
CAMP-0556,Facebook,Influencer,Mexico,Mobile,60546,4596,332,9916.29,3281.08,2025-07-09,0.0759,0.71,3.02
CAMP-0557,Twitter,Influencer,Brazil,Desktop,89151,606,402,178.8,2791.91,2025-07-10,0.0068,4.61,0.06
CAMP-0558,Facebook,Ads,Spain,Mobile,4327,3137,413,10073.14,6503.32,2025-07-11,0.725,2.07,1.55
CAMP-0559,TikTok,Organic,Brazil,Desktop,30768,3316,44,7737.07,12272.6,2025-07-12,0.1078,3.7,0.63
CAMP-0560,Instagram,Email,Brazil,Tablet,65418,3617,401,19444.38,12652.1,2025-07-13,0.0553,3.5,1.54
CAMP-0561,YouTube,Organic,Canada,Mobile,95386,2106,205,3267.27,7830.82,2025-07-14,0.0221,3.72,0.42
CAMP-0562,Facebook,SEO,Argentina,Mobile,43788,3949,61,7147.67,12919.12,2025-07-15,0.0902,3.27,0.55
CAMP-0563,LinkedIn,Influencer,Argentina,Mobile,83384,1066,419,8447.68,131.38,2025-07-16,0.0128,0.12,64.3
CAMP-0564,Facebook,Ads,Mexico,Tablet,47830,2112,467,7874.8,575.86,2025-07-17,0.0442,0.27,13.67
CAMP-0565,LinkedIn,Ads,UK,Desktop,53446,888,18,13350.03,13681.73,2025-07-18,0.0166,15.41,0.98
CAMP-0566,TikTok,Email,Argentina,Tablet,16160,1687,364,4388.71,11641.21,2025-07-19,0.1044,6.9,0.38
CAMP-0567,LinkedIn,Organic,Brazil,Mobile,57583,4371,299,4499.32,6788.06,2025-07-20,0.0759,1.55,0.66
CAMP-0568,YouTube,Email,Argentina,Desktop,34998,3546,6,14611.3,11316.47,2025-07-21,0.1013,3.19,1.29
CAMP-0569,Instagram,Influencer,Brazil,Tablet,28230,1863,760,10055.78,14336.81,2025-07-22,0.066,7.7,0.7
CAMP-0570,LinkedIn,Email,Germany,Mobile,10076,3529,427,8361.6,11592.74,2025-07-23,0.3502,3.28,0.72
CAMP-0571,LinkedIn,Ads,Canada,Mobile,70341,1501,116,3467.14,12643.45,2025-07-24,0.0213,8.42,0.27
CAMP-0572,Instagram,Ads,Canada,Tablet,32085,2363,579,3831.79,11421.07,2025-07-25,0.0736,4.83,0.34
CAMP-0573,YouTube,SEO,UK,Tablet,56571,1564,506,309.98,2564.76,2025-07-26,0.0276,1.64,0.12
CAMP-0574,Facebook,SEO,Argentina,Tablet,15715,1281,545,1919.38,12511.93,2025-07-27,0.0815,9.77,0.15
CAMP-0575,LinkedIn,Influencer,Argentina,Mobile,6750,1695,705,11181.09,2966.88,2025-07-28,0.2511,1.75,3.77
CAMP-0576,Instagram,Organic,Spain,Tablet,79768,3049,324,17848.28,13394.54,2025-07-29,0.0382,4.39,1.33
CAMP-0577,TikTok,Email,USA,Mobile,36903,3490,54,5814.58,6906.82,2025-07-30,0.0946,1.98,0.84
CAMP-0578,Instagram,Influencer,Germany,Tablet,73489,4106,777,6622.17,10170.8,2025-07-31,0.0559,2.48,0.65
CAMP-0579,TikTok,SEO,Canada,Mobile,33093,355,41,2400.55,7483.75,2025-08-01,0.0107,21.08,0.32
CAMP-0580,YouTube,Email,Germany,Mobile,92036,3586,296,7833.76,1455.16,2025-08-02,0.039,0.41,5.38
CAMP-0581,Facebook,SEO,Canada,Desktop,88954,1773,230,840.71,4396.3,2025-08-03,0.0199,2.48,0.19
CAMP-0582,Instagram,Email,Germany,Tablet,35314,1739,452,18360.25,14756.79,2025-08-04,0.0492,8.49,1.24
CAMP-0583,Twitter,Organic,Mexico,Tablet,49225,1567,393,13494.92,14412.69,2025-08-05,0.0318,9.2,0.94
CAMP-0584,LinkedIn,Influencer,Brazil,Mobile,88985,3967,521,19815.9,4841.28,2025-08-06,0.0446,1.22,4.09
CAMP-0585,YouTube,Email,Canada,Mobile,84014,469,357,17668.18,14944.64,2025-08-07,0.0056,31.86,1.18
CAMP-0586,Instagram,Ads,Germany,Mobile,36179,2986,443,9512.51,12690.99,2025-08-08,0.0825,4.25,0.75
CAMP-0587,LinkedIn,Ads,Argentina,Desktop,26338,3912,127,10441.73,9183.84,2025-08-09,0.1485,2.35,1.14
CAMP-0588,Instagram,Email,USA,Desktop,93435,4279,690,3892.46,649.86,2025-08-10,0.0458,0.15,5.99
CAMP-0589,TikTok,Email,Mexico,Mobile,70681,1500,404,9294.58,13526.63,2025-08-11,0.0212,9.02,0.69
CAMP-0590,Instagram,Email,Mexico,Tablet,33101,3146,391,18070.25,8383.57,2025-08-12,0.095,2.66,2.16
CAMP-0591,Twitter,Ads,USA,Tablet,3775,3311,192,1111.98,13033.72,2025-08-13,0.8771,3.94,0.09
CAMP-0592,Instagram,Ads,Germany,Desktop,98183,1214,603,17284.78,12524.72,2025-08-14,0.0124,10.32,1.38
CAMP-0593,Instagram,Email,Argentina,Desktop,46619,1919,742,6884.86,12503.44,2025-08-15,0.0412,6.52,0.55
CAMP-0594,Twitter,SEO,UK,Mobile,46838,1869,77,18000.3,10487.7,2025-08-16,0.0399,5.61,1.72
CAMP-0595,YouTube,SEO,USA,Tablet,20539,2755,84,18823.51,4406.66,2025-08-17,0.1341,1.6,4.27
CAMP-0596,Instagram,Organic,Germany,Mobile,58124,3565,29,13450.21,5075.6,2025-08-18,0.0613,1.42,2.65
CAMP-0597,Twitter,Influencer,USA,Desktop,66149,1392,724,13322.03,4661.61,2025-08-19,0.021,3.35,2.86
CAMP-0598,LinkedIn,SEO,USA,Tablet,27616,2276,48,9109.81,349.69,2025-08-20,0.0824,0.15,26.05
CAMP-0599,TikTok,Ads,Canada,Tablet,80655,1129,776,16727.25,8759.41,2025-08-21,0.014,7.76,1.91
CAMP-0600,TikTok,SEO,Germany,Desktop,91695,4256,144,19236.09,10497.56,2025-08-22,0.0464,2.47,1.83
CAMP-0601,Instagram,Organic,UK,Mobile,55567,4613,68,15524.13,12815.3,2025-08-23,0.083,2.78,1.21
CAMP-0602,YouTube,Organic,Brazil,Mobile,38099,2829,57,12476.54,2145.47,2025-08-24,0.0743,0.76,5.82
CAMP-0603,YouTube,Influencer,Canada,Tablet,76831,2578,696,12175.18,8185.54,2025-08-25,0.0336,3.18,1.49
CAMP-0604,LinkedIn,SEO,USA,Desktop,62799,863,573,17004.45,169.72,2025-08-26,0.0137,0.2,100.19
CAMP-0605,Instagram,Ads,Brazil,Tablet,91221,2081,478,10869.95,1471.65,2025-08-27,0.0228,0.71,7.39
CAMP-0606,TikTok,Ads,Spain,Desktop,26479,372,444,16096.81,860.47,2025-08-28,0.014,2.31,18.71
CAMP-0607,YouTube,Email,Brazil,Mobile,47172,3019,295,10226.82,10895.9,2025-08-29,0.064,3.61,0.94
CAMP-0608,Instagram,Ads,USA,Desktop,56863,953,677,1342.64,1261.84,2025-08-30,0.0168,1.32,1.06
CAMP-0609,YouTube,Influencer,USA,Mobile,43043,1591,170,7740.55,10760.97,2025-08-31,0.037,6.76,0.72
CAMP-0610,Twitter,Influencer,Argentina,Desktop,83569,3553,574,8944.38,3781.89,2025-09-01,0.0425,1.06,2.37
CAMP-0611,YouTube,Ads,Germany,Tablet,16408,2703,146,2918.18,13171.81,2025-09-02,0.1647,4.87,0.22
CAMP-0612,TikTok,Ads,Germany,Mobile,58980,2526,483,2139.68,12206.59,2025-09-03,0.0428,4.83,0.18
CAMP-0613,Facebook,Email,Canada,Tablet,83956,3390,305,10755.75,14369.56,2025-09-04,0.0404,4.24,0.75
CAMP-0614,LinkedIn,Ads,UK,Tablet,17351,4293,672,1794.36,13262.24,2025-09-05,0.2474,3.09,0.14
CAMP-0615,LinkedIn,Email,Canada,Mobile,5131,1191,652,6128.61,14003.27,2025-09-06,0.2321,11.76,0.44
CAMP-0616,TikTok,Email,Mexico,Mobile,45825,899,608,14917.48,12888.2,2025-09-07,0.0196,14.34,1.16
CAMP-0617,YouTube,Ads,USA,Tablet,12349,416,445,19292.2,10416.06,2025-09-08,0.0337,25.04,1.85
CAMP-0618,Instagram,Organic,Brazil,Tablet,61931,2947,220,14385.62,2595.37,2025-09-09,0.0476,0.88,5.54
CAMP-0619,YouTube,Organic,Spain,Tablet,45254,1139,554,19853.25,4112.03,2025-09-10,0.0252,3.61,4.83
CAMP-0620,TikTok,Email,USA,Tablet,39225,4091,377,13996.93,3230.27,2025-09-11,0.1043,0.79,4.33
CAMP-0621,LinkedIn,Ads,USA,Mobile,13453,2088,619,5946.51,9073.61,2025-09-12,0.1552,4.35,0.66
CAMP-0622,YouTube,Organic,Canada,Mobile,19814,2910,265,13473.85,7579.12,2025-09-13,0.1469,2.6,1.78
CAMP-0623,LinkedIn,Ads,Spain,Tablet,19263,4320,94,14072.92,13012.85,2025-09-14,0.2243,3.01,1.08
CAMP-0624,Instagram,Ads,Spain,Desktop,78694,1904,261,7497.37,14292.46,2025-09-15,0.0242,7.51,0.52
CAMP-0625,LinkedIn,Ads,Spain,Desktop,16735,4733,70,452.51,6102.66,2025-09-16,0.2828,1.29,0.07
CAMP-0626,LinkedIn,SEO,Canada,Mobile,16830,544,218,14093.68,7619.94,2025-09-17,0.0323,14.01,1.85
CAMP-0627,Facebook,Ads,USA,Tablet,48893,3232,532,531.83,14574.17,2025-09-18,0.0661,4.51,0.04
CAMP-0628,Facebook,SEO,Canada,Tablet,45673,1834,91,12660.64,4179.77,2025-09-19,0.0402,2.28,3.03
CAMP-0629,Twitter,Email,Germany,Mobile,90462,3560,126,3355.97,11896.24,2025-09-20,0.0394,3.34,0.28
CAMP-0630,Facebook,Organic,Germany,Desktop,46066,3836,79,11355.51,3417.34,2025-09-21,0.0833,0.89,3.32
CAMP-0631,LinkedIn,Organic,Canada,Desktop,4373,4180,237,10127.87,10237.83,2025-09-22,0.9559,2.45,0.99
CAMP-0632,TikTok,Organic,Spain,Desktop,11335,1048,371,368.92,3841.55,2025-09-23,0.0925,3.67,0.1
CAMP-0633,LinkedIn,Organic,Argentina,Mobile,24741,4519,485,7321.03,13261.81,2025-09-24,0.1827,2.93,0.55
CAMP-0634,TikTok,Organic,USA,Desktop,11692,1501,693,12061.71,8444.1,2025-09-25,0.1284,5.63,1.43
CAMP-0635,TikTok,Organic,Canada,Mobile,48295,1801,24,16987.27,2829.71,2025-09-26,0.0373,1.57,6.0
CAMP-0636,Facebook,Organic,Canada,Mobile,46541,2330,155,17783.98,3404.32,2025-09-27,0.0501,1.46,5.22
CAMP-0637,YouTube,Email,Canada,Tablet,35057,4850,516,9728.61,7433.05,2025-09-28,0.1383,1.53,1.31
CAMP-0638,Instagram,Ads,Argentina,Desktop,67983,4708,631,14595.61,14425.95,2025-09-29,0.0693,3.06,1.01
CAMP-0639,Facebook,Influencer,Argentina,Mobile,20583,2984,788,6397.45,11556.15,2025-09-30,0.145,3.87,0.55
CAMP-0640,Facebook,SEO,Mexico,Desktop,23765,3784,529,6909.51,7350.23,2025-10-01,0.1592,1.94,0.94
CAMP-0641,YouTube,Influencer,Germany,Desktop,60287,3396,709,3969.82,5098.9,2025-10-02,0.0563,1.5,0.78
CAMP-0642,Instagram,Influencer,Brazil,Tablet,24906,1923,56,11282.77,8261.56,2025-10-03,0.0772,4.3,1.37
CAMP-0643,LinkedIn,Ads,Spain,Desktop,86103,4584,604,6359.83,11237.99,2025-10-04,0.0532,2.45,0.57
CAMP-0644,Twitter,Ads,UK,Tablet,80675,3853,18,1778.98,11769.73,2025-10-05,0.0478,3.05,0.15
CAMP-0645,Twitter,Ads,Argentina,Mobile,47525,2029,383,13731.62,4902.9,2025-10-06,0.0427,2.42,2.8
CAMP-0646,LinkedIn,Organic,Brazil,Desktop,39230,748,192,14184.29,10831.33,2025-10-07,0.0191,14.48,1.31
CAMP-0647,Facebook,Email,Argentina,Mobile,20520,1362,236,7263.85,9883.94,2025-10-08,0.0664,7.26,0.73
CAMP-0648,Instagram,Organic,Spain,Desktop,86238,3012,386,1626.8,14388.73,2025-10-09,0.0349,4.78,0.11
CAMP-0649,Facebook,Email,UK,Mobile,52934,2988,425,8583.32,13969.8,2025-10-10,0.0564,4.68,0.61
CAMP-0650,TikTok,Email,Mexico,Desktop,26566,4837,276,8902.48,11851.22,2025-10-11,0.1821,2.45,0.75
CAMP-0651,Facebook,Influencer,Canada,Desktop,74193,2350,226,13406.55,10864.75,2025-10-12,0.0317,4.62,1.23
CAMP-0652,Facebook,Influencer,Mexico,Desktop,31134,3247,744,6376.79,4146.92,2025-10-13,0.1043,1.28,1.54
CAMP-0653,LinkedIn,Email,Argentina,Desktop,11345,176,551,13683.73,12697.18,2025-10-14,0.0155,72.14,1.08
CAMP-0654,LinkedIn,Email,Mexico,Desktop,42185,1241,322,17442.62,6441.21,2025-10-15,0.0294,5.19,2.71
CAMP-0655,LinkedIn,Organic,Brazil,Desktop,93949,2689,152,4825.97,4120.0,2025-10-16,0.0286,1.53,1.17
CAMP-0656,Twitter,Organic,USA,Desktop,71744,4439,638,19580.5,5793.2,2025-10-17,0.0619,1.31,3.38
CAMP-0657,TikTok,Influencer,Argentina,Desktop,34455,3966,236,7788.73,12547.24,2025-10-18,0.1151,3.16,0.62
CAMP-0658,LinkedIn,Ads,Argentina,Desktop,29018,1416,54,5418.45,2272.07,2025-10-19,0.0488,1.6,2.38
CAMP-0659,Instagram,Email,Brazil,Mobile,55219,1069,435,8488.07,6869.57,2025-10-20,0.0194,6.43,1.24
CAMP-0660,Twitter,Organic,Germany,Tablet,46991,4129,683,1978.51,7410.75,2025-10-21,0.0879,1.79,0.27
CAMP-0661,YouTube,Influencer,UK,Desktop,74616,4564,108,2601.55,597.61,2025-10-22,0.0612,0.13,4.35
CAMP-0662,Instagram,Organic,Canada,Tablet,88438,4589,183,8347.24,2976.4,2025-10-23,0.0519,0.65,2.8
CAMP-0663,Instagram,Email,Brazil,Desktop,10486,734,367,15272.65,12409.8,2025-10-24,0.07,16.91,1.23
CAMP-0664,LinkedIn,Email,UK,Desktop,39862,3679,197,18016.21,12469.97,2025-10-25,0.0923,3.39,1.44
CAMP-0665,YouTube,SEO,Spain,Mobile,59870,2937,370,13329.88,4421.61,2025-10-26,0.0491,1.51,3.01
CAMP-0666,YouTube,Ads,UK,Mobile,87694,1512,372,2193.87,13129.71,2025-10-27,0.0172,8.68,0.17
CAMP-0667,Twitter,SEO,Spain,Tablet,44856,4136,496,13473.19,11588.15,2025-10-28,0.0922,2.8,1.16
CAMP-0668,YouTube,Influencer,Brazil,Mobile,87055,2311,598,12745.02,6297.72,2025-10-29,0.0265,2.73,2.02
CAMP-0669,TikTok,Organic,Argentina,Mobile,32379,4230,200,16134.7,11238.67,2025-10-30,0.1306,2.66,1.44
CAMP-0670,LinkedIn,Influencer,Argentina,Tablet,65729,2891,508,16522.45,14421.95,2025-10-31,0.044,4.99,1.15
CAMP-0671,YouTube,Email,Germany,Mobile,29378,1817,321,17377.24,6911.6,2025-11-01,0.0618,3.8,2.51
CAMP-0672,Twitter,SEO,Brazil,Desktop,55353,4230,274,8341.22,3614.49,2025-11-02,0.0764,0.85,2.31
CAMP-0673,TikTok,SEO,Spain,Tablet,50996,3610,210,13987.5,14130.16,2025-11-03,0.0708,3.91,0.99
CAMP-0674,Facebook,SEO,UK,Tablet,15031,2162,503,5438.18,9075.98,2025-11-04,0.1438,4.2,0.6
CAMP-0675,Facebook,Influencer,UK,Desktop,81072,4808,117,19986.79,1623.71,2025-11-05,0.0593,0.34,12.31
CAMP-0676,TikTok,Email,Spain,Mobile,66982,676,702,3589.15,8611.61,2025-11-06,0.0101,12.74,0.42
CAMP-0677,Twitter,Organic,Mexico,Tablet,37683,4209,553,301.28,7533.68,2025-11-07,0.1117,1.79,0.04
CAMP-0678,TikTok,Organic,Germany,Tablet,18618,3464,41,3061.29,12841.05,2025-11-08,0.1861,3.71,0.24
CAMP-0679,LinkedIn,Influencer,USA,Desktop,7587,1425,314,15539.86,7983.89,2025-11-09,0.1878,5.6,1.95
CAMP-0680,LinkedIn,SEO,Argentina,Desktop,63790,1231,787,8991.0,3865.72,2025-11-10,0.0193,3.14,2.33
CAMP-0681,Facebook,Ads,Canada,Mobile,32480,540,328,9005.25,10150.88,2025-11-11,0.0166,18.8,0.89
CAMP-0682,YouTube,Influencer,UK,Tablet,99530,3779,16,19104.96,8161.5,2025-11-12,0.038,2.16,2.34
CAMP-0683,Twitter,Influencer,Canada,Mobile,21527,3584,282,18400.73,3534.02,2025-11-13,0.1665,0.99,5.21
CAMP-0684,Facebook,Email,USA,Mobile,24569,3346,257,6292.78,8625.74,2025-11-14,0.1362,2.58,0.73
CAMP-0685,YouTube,Organic,Brazil,Desktop,12151,1990,574,4260.26,12331.96,2025-11-15,0.1638,6.2,0.35
CAMP-0686,YouTube,Influencer,Canada,Tablet,72094,4458,573,16984.8,477.14,2025-11-16,0.0618,0.11,35.6
CAMP-0687,LinkedIn,Influencer,USA,Tablet,60174,1932,611,18129.78,9481.22,2025-11-17,0.0321,4.91,1.91
CAMP-0688,Instagram,SEO,Argentina,Tablet,45739,4958,18,10877.78,5276.3,2025-11-18,0.1084,1.06,2.06
CAMP-0689,Instagram,SEO,Spain,Desktop,33954,3037,528,12625.53,4425.44,2025-11-19,0.0894,1.46,2.85
CAMP-0690,TikTok,Ads,Mexico,Desktop,36303,3209,422,5212.59,5919.19,2025-11-20,0.0884,1.84,0.88
CAMP-0691,LinkedIn,Email,Argentina,Desktop,35700,4825,465,16035.97,5163.24,2025-11-21,0.1352,1.07,3.11
CAMP-0692,YouTube,Ads,UK,Desktop,94036,4580,372,12679.24,12491.97,2025-11-22,0.0487,2.73,1.01
CAMP-0693,Twitter,SEO,USA,Desktop,68568,731,757,10119.92,4158.23,2025-11-23,0.0107,5.69,2.43
CAMP-0694,Instagram,Organic,Canada,Tablet,67788,1123,762,1296.16,11010.64,2025-11-24,0.0166,9.8,0.12
CAMP-0695,YouTube,SEO,UK,Mobile,72045,2437,80,18327.11,1456.19,2025-11-25,0.0338,0.6,12.59
CAMP-0696,Instagram,Email,Mexico,Tablet,38842,2444,550,12347.48,14273.38,2025-11-26,0.0629,5.84,0.87
CAMP-0697,Instagram,SEO,Spain,Mobile,14900,2743,547,3934.55,9353.63,2025-11-27,0.1841,3.41,0.42
CAMP-0698,Instagram,Email,Brazil,Desktop,81059,1420,423,12167.08,10615.44,2025-11-28,0.0175,7.48,1.15
CAMP-0699,Twitter,Email,UK,Mobile,2881,4794,428,13581.52,4505.69,2025-11-29,1.664,0.94,3.01
CAMP-0700,LinkedIn,Email,Brazil,Tablet,34037,4390,387,10562.83,6210.84,2025-11-30,0.129,1.41,1.7
CAMP-0701,Twitter,Email,USA,Tablet,2630,2206,708,14390.22,3395.49,2025-12-01,0.8388,1.54,4.24
CAMP-0702,Facebook,Email,Mexico,Mobile,21789,2630,669,11670.93,13991.41,2025-12-02,0.1207,5.32,0.83
CAMP-0703,YouTube,Organic,Canada,Desktop,89059,4441,203,18960.61,7347.16,2025-12-03,0.0499,1.65,2.58
CAMP-0704,LinkedIn,Ads,Mexico,Desktop,84494,2209,195,1168.57,9475.2,2025-12-04,0.0261,4.29,0.12
CAMP-0705,LinkedIn,Influencer,Mexico,Tablet,47151,3298,727,2214.29,11027.37,2025-12-05,0.0699,3.34,0.2
CAMP-0706,LinkedIn,Ads,Germany,Mobile,49920,3781,284,3556.07,5598.04,2025-12-06,0.0757,1.48,0.64
CAMP-0707,LinkedIn,Email,Mexico,Desktop,68231,3879,195,13834.4,10815.52,2025-12-07,0.0569,2.79,1.28
CAMP-0708,Twitter,Organic,Mexico,Desktop,81357,1677,306,12947.36,10156.09,2025-12-08,0.0206,6.06,1.27
CAMP-0709,LinkedIn,SEO,Argentina,Tablet,4262,3522,663,17851.97,10599.61,2025-12-09,0.8264,3.01,1.68
CAMP-0710,TikTok,Organic,UK,Desktop,67981,77,13,14684.26,7363.99,2025-12-10,0.0011,95.64,1.99
CAMP-0711,YouTube,Email,Canada,Mobile,82972,2035,145,10216.27,5774.91,2025-12-11,0.0245,2.84,1.77
CAMP-0712,LinkedIn,Organic,Argentina,Tablet,76485,4203,56,19837.45,3370.13,2025-12-12,0.055,0.8,5.89
CAMP-0713,YouTube,Organic,Argentina,Tablet,55722,1571,722,5395.55,12378.16,2025-12-13,0.0282,7.88,0.44
CAMP-0714,TikTok,Email,UK,Mobile,90499,346,779,16680.51,9144.83,2025-12-14,0.0038,26.43,1.82
CAMP-0715,TikTok,Organic,UK,Tablet,51818,2231,209,8593.13,6693.07,2025-12-15,0.0431,3.0,1.28
CAMP-0716,YouTube,Influencer,USA,Desktop,30932,3452,528,13009.83,14162.74,2025-12-16,0.1116,4.1,0.92
CAMP-0717,Instagram,Influencer,UK,Desktop,7901,2346,797,14572.64,765.19,2025-12-17,0.2969,0.33,19.04
CAMP-0718,Facebook,Organic,Germany,Mobile,9597,2647,343,12711.71,12760.07,2025-12-18,0.2758,4.82,1.0
CAMP-0719,Instagram,SEO,Germany,Desktop,64909,951,714,2896.1,14963.86,2025-12-19,0.0147,15.73,0.19
CAMP-0720,Instagram,Email,Argentina,Mobile,73391,1148,610,8914.73,13309.78,2025-12-20,0.0156,11.59,0.67
CAMP-0721,Twitter,Influencer,Brazil,Mobile,85214,1727,278,11272.62,12166.03,2025-12-21,0.0203,7.04,0.93
CAMP-0722,Instagram,SEO,USA,Desktop,9263,2931,208,16995.97,5645.87,2025-12-22,0.3164,1.93,3.01
CAMP-0723,LinkedIn,Organic,Brazil,Mobile,64293,4916,640,8928.55,3508.15,2025-12-23,0.0765,0.71,2.55
CAMP-0724,Twitter,SEO,Brazil,Desktop,26805,1428,334,18383.07,11036.02,2025-12-24,0.0533,7.73,1.67
CAMP-0725,Twitter,Ads,Argentina,Tablet,92679,1298,287,8863.45,4603.4,2025-12-25,0.014,3.55,1.93
CAMP-0726,TikTok,Influencer,Spain,Tablet,12874,3785,251,11020.72,2681.79,2025-12-26,0.294,0.71,4.11
CAMP-0727,Instagram,Organic,Argentina,Mobile,94065,4291,264,15946.09,11808.56,2025-12-27,0.0456,2.75,1.35
CAMP-0728,TikTok,Email,Canada,Desktop,87402,1314,270,11703.05,4722.53,2025-12-28,0.015,3.59,2.48
CAMP-0729,YouTube,Organic,Canada,Desktop,15079,1957,699,19208.34,13720.9,2025-12-29,0.1298,7.01,1.4
CAMP-0730,Facebook,Email,UK,Tablet,50850,1108,418,13240.68,12617.46,2025-12-30,0.0218,11.39,1.05
CAMP-0731,Twitter,Organic,UK,Tablet,73779,2799,725,10501.92,12722.22,2025-12-31,0.0379,4.55,0.83
CAMP-0732,YouTube,SEO,Spain,Desktop,96408,2098,794,569.48,11584.97,2026-01-01,0.0218,5.52,0.05
CAMP-0733,YouTube,SEO,UK,Mobile,10018,4298,210,8333.28,13219.18,2026-01-02,0.429,3.08,0.63
CAMP-0734,LinkedIn,SEO,Canada,Tablet,50500,2526,364,6055.04,12095.92,2026-01-03,0.05,4.79,0.5
CAMP-0735,Facebook,Ads,Brazil,Mobile,13100,4066,75,14987.3,9057.54,2026-01-04,0.3104,2.23,1.65
CAMP-0736,YouTube,Email,Argentina,Mobile,58021,4653,659,4244.73,4472.55,2026-01-05,0.0802,0.96,0.95
CAMP-0737,YouTube,SEO,Mexico,Tablet,20800,3247,320,4183.88,13328.73,2026-01-06,0.1561,4.1,0.31
CAMP-0738,Facebook,Ads,Germany,Mobile,64400,4636,724,3871.43,12617.02,2026-01-07,0.072,2.72,0.31
CAMP-0739,Facebook,Email,Mexico,Mobile,93446,3603,432,2599.75,7119.55,2026-01-08,0.0386,1.98,0.37
CAMP-0740,YouTube,Organic,Mexico,Desktop,30437,4490,108,6289.04,634.23,2026-01-09,0.1475,0.14,9.92
CAMP-0741,Facebook,Ads,Canada,Mobile,77537,1811,640,17729.85,9596.23,2026-01-10,0.0234,5.3,1.85
CAMP-0742,YouTube,Influencer,Mexico,Desktop,47675,270,521,15521.08,806.42,2026-01-11,0.0057,2.99,19.25
CAMP-0743,YouTube,Ads,Argentina,Tablet,20942,4868,46,14731.5,13897.89,2026-01-12,0.2325,2.85,1.06
CAMP-0744,LinkedIn,Ads,Spain,Tablet,21862,4673,378,15967.0,14426.39,2026-01-13,0.2137,3.09,1.11
CAMP-0745,Instagram,Email,USA,Desktop,12669,2938,95,5461.42,2882.88,2026-01-14,0.2319,0.98,1.89
CAMP-0746,YouTube,Organic,UK,Tablet,54772,1714,102,17760.09,10162.02,2026-01-15,0.0313,5.93,1.75
CAMP-0747,TikTok,Influencer,USA,Mobile,16916,4036,145,2832.34,1429.42,2026-01-16,0.2386,0.35,1.98
CAMP-0748,Twitter,SEO,Brazil,Mobile,11878,4626,26,6793.28,10956.28,2026-01-17,0.3895,2.37,0.62
CAMP-0749,Instagram,SEO,Argentina,Mobile,3985,3027,731,11776.29,5241.95,2026-01-18,0.7596,1.73,2.25
CAMP-0750,Instagram,Ads,Argentina,Tablet,98905,1921,529,2147.81,10231.7,2026-01-19,0.0194,5.33,0.21
CAMP-0751,Instagram,Email,Germany,Mobile,74648,1512,678,14629.59,5624.5,2026-01-20,0.0203,3.72,2.6
CAMP-0752,LinkedIn,Email,Argentina,Tablet,42235,394,81,7806.2,2226.23,2026-01-21,0.0093,5.65,3.51
CAMP-0753,YouTube,SEO,UK,Mobile,19931,94,427,15709.67,6121.34,2026-01-22,0.0047,65.12,2.57
CAMP-0754,LinkedIn,Influencer,Argentina,Desktop,93876,2118,583,9908.64,1734.47,2026-01-23,0.0226,0.82,5.71
CAMP-0755,YouTube,Organic,Mexico,Tablet,1336,1564,478,3699.4,8674.4,2026-01-24,1.1707,5.55,0.43
CAMP-0756,LinkedIn,Influencer,Germany,Tablet,43933,2648,765,14721.76,662.23,2026-01-25,0.0603,0.25,22.23
CAMP-0757,LinkedIn,Organic,UK,Mobile,85899,1051,161,5117.66,7933.43,2026-01-26,0.0122,7.55,0.65
CAMP-0758,Twitter,SEO,Spain,Tablet,46536,1083,401,9867.12,13301.21,2026-01-27,0.0233,12.28,0.74
CAMP-0759,TikTok,Organic,Spain,Tablet,70504,2090,507,1603.11,12576.21,2026-01-28,0.0296,6.02,0.13
CAMP-0760,LinkedIn,Email,Spain,Desktop,52148,323,37,12395.55,13247.59,2026-01-29,0.0062,41.01,0.94
CAMP-0761,Twitter,Ads,Spain,Desktop,17279,2697,510,13350.57,13834.63,2026-01-30,0.1561,5.13,0.97
CAMP-0762,Facebook,Ads,Mexico,Mobile,69665,1829,392,7635.62,1612.69,2026-01-31,0.0263,0.88,4.73
CAMP-0763,TikTok,SEO,Argentina,Desktop,72386,4526,712,19093.01,1974.77,2026-02-01,0.0625,0.44,9.67
CAMP-0764,LinkedIn,Email,USA,Mobile,87124,528,493,17495.96,8377.25,2026-02-02,0.0061,15.87,2.09
CAMP-0765,Instagram,Influencer,UK,Mobile,78485,565,199,14188.02,13414.89,2026-02-03,0.0072,23.74,1.06
CAMP-0766,Facebook,Email,Mexico,Mobile,75055,4336,254,14301.68,14616.52,2026-02-04,0.0578,3.37,0.98
CAMP-0767,Facebook,Ads,Spain,Tablet,92911,1241,178,5122.79,741.62,2026-02-05,0.0134,0.6,6.91
CAMP-0768,Twitter,Ads,Brazil,Desktop,99618,2718,546,13170.62,5368.82,2026-02-06,0.0273,1.98,2.45
CAMP-0769,Facebook,Email,Argentina,Mobile,78273,1461,593,4044.3,3232.77,2026-02-07,0.0187,2.21,1.25
CAMP-0770,TikTok,Email,USA,Desktop,67670,3330,388,2965.66,11351.69,2026-02-08,0.0492,3.41,0.26
CAMP-0771,LinkedIn,Ads,Brazil,Mobile,77474,321,397,19989.41,9620.9,2026-02-09,0.0041,29.97,2.08
CAMP-0772,LinkedIn,Influencer,Germany,Desktop,55028,192,731,12485.28,1842.33,2026-02-10,0.0035,9.6,6.78
CAMP-0773,Instagram,SEO,Brazil,Desktop,91022,3382,157,8676.66,7278.65,2026-02-11,0.0372,2.15,1.19
CAMP-0774,Twitter,SEO,Germany,Mobile,92632,837,3,5834.47,10297.34,2026-02-12,0.009,12.3,0.57
CAMP-0775,Instagram,Email,Germany,Tablet,72128,1731,166,12118.02,11696.13,2026-02-13,0.024,6.76,1.04
CAMP-0776,Facebook,SEO,Spain,Desktop,19108,672,467,1086.91,349.79,2026-02-14,0.0352,0.52,3.11
CAMP-0777,Instagram,Ads,Germany,Tablet,53495,3891,408,1984.15,13362.52,2026-02-15,0.0727,3.43,0.15
CAMP-0778,TikTok,Ads,Canada,Tablet,83806,3726,411,753.85,8560.76,2026-02-16,0.0445,2.3,0.09
CAMP-0779,LinkedIn,Email,UK,Mobile,94185,2622,203,10033.48,12188.04,2026-02-17,0.0278,4.65,0.82
CAMP-0780,Facebook,Email,UK,Mobile,77533,3310,193,12052.07,12128.67,2026-02-18,0.0427,3.66,0.99
CAMP-0781,Instagram,Email,Spain,Mobile,57830,4762,234,1343.35,2888.3,2026-02-19,0.0823,0.61,0.47
CAMP-0782,Twitter,Influencer,Canada,Desktop,75640,116,717,14452.37,1697.07,2026-02-20,0.0015,14.63,8.52
CAMP-0783,TikTok,SEO,Brazil,Mobile,53509,4336,149,4684.86,10833.24,2026-02-21,0.081,2.5,0.43
CAMP-0784,TikTok,Email,Mexico,Mobile,67406,4666,158,13735.51,2388.58,2026-02-22,0.0692,0.51,5.75
CAMP-0785,Instagram,Organic,Brazil,Desktop,95220,1190,278,19639.75,12756.57,2026-02-23,0.0125,10.72,1.54
CAMP-0786,LinkedIn,Organic,Argentina,Desktop,40519,2364,403,13853.01,10906.53,2026-02-24,0.0583,4.61,1.27
CAMP-0787,Instagram,Ads,Mexico,Mobile,50649,2582,677,17675.54,12635.29,2026-02-25,0.051,4.89,1.4
CAMP-0788,Facebook,SEO,Germany,Mobile,35524,3630,310,18969.15,4520.24,2026-02-26,0.1022,1.25,4.2
CAMP-0789,Instagram,Email,USA,Mobile,97493,1237,67,9786.35,4783.14,2026-02-27,0.0127,3.87,2.05
CAMP-0790,TikTok,Organic,Mexico,Mobile,34885,4521,462,14076.27,10084.76,2026-02-28,0.1296,2.23,1.4
CAMP-0791,Instagram,SEO,USA,Tablet,45369,4798,87,17054.19,520.12,2026-03-01,0.1058,0.11,32.79
CAMP-0792,LinkedIn,Ads,UK,Tablet,96402,3389,216,7196.52,10911.13,2026-03-02,0.0352,3.22,0.66
CAMP-0793,Twitter,Influencer,USA,Mobile,31676,598,0,5301.81,12544.96,2026-03-03,0.0189,20.98,0.42
CAMP-0794,YouTube,SEO,UK,Tablet,65093,4137,134,18937.31,6256.7,2026-03-04,0.0636,1.51,3.03
CAMP-0795,Instagram,SEO,Canada,Desktop,48764,122,696,14553.44,11484.94,2026-03-05,0.0025,94.14,1.27
CAMP-0796,LinkedIn,Influencer,Canada,Tablet,51799,248,350,4471.67,2660.43,2026-03-06,0.0048,10.73,1.68
CAMP-0797,LinkedIn,SEO,Spain,Tablet,80414,3251,139,9036.76,4867.79,2026-03-07,0.0404,1.5,1.86
CAMP-0798,Twitter,Ads,Spain,Mobile,94095,1831,617,15949.39,14615.86,2026-03-08,0.0195,7.98,1.09
CAMP-0799,TikTok,Ads,Germany,Tablet,73307,621,132,10986.55,14795.61,2026-03-09,0.0085,23.83,0.74
CAMP-0800,LinkedIn,Influencer,Mexico,Tablet,83062,840,619,13034.05,7713.45,2026-03-10,0.0101,9.18,1.69
CAMP-0801,LinkedIn,Email,Germany,Tablet,96432,1688,177,15099.99,14017.33,2026-03-11,0.0175,8.3,1.08
CAMP-0802,LinkedIn,Organic,UK,Tablet,32923,1881,357,12477.98,7864.82,2026-03-12,0.0571,4.18,1.59
CAMP-0803,LinkedIn,Email,Germany,Desktop,79388,1905,379,10847.58,4409.24,2026-03-13,0.024,2.31,2.46
CAMP-0804,Facebook,SEO,USA,Mobile,48574,1224,657,15017.32,4040.14,2026-03-14,0.0252,3.3,3.72
CAMP-0805,Facebook,Organic,UK,Mobile,44391,3790,449,14578.5,13946.11,2026-03-15,0.0854,3.68,1.05
CAMP-0806,TikTok,Influencer,Spain,Desktop,54664,3327,585,12634.46,2628.07,2026-03-16,0.0609,0.79,4.81
CAMP-0807,Instagram,Influencer,Canada,Tablet,68384,228,462,7259.81,8715.51,2026-03-17,0.0033,38.23,0.83
CAMP-0808,LinkedIn,Organic,Spain,Desktop,32027,2294,107,8175.66,8355.1,2026-03-18,0.0716,3.64,0.98
CAMP-0809,Twitter,Ads,Mexico,Tablet,36464,4136,121,19411.73,11107.34,2026-03-19,0.1134,2.69,1.75
CAMP-0810,Instagram,Organic,UK,Desktop,35485,784,16,2336.48,7513.68,2026-03-20,0.0221,9.58,0.31
CAMP-0811,Twitter,SEO,UK,Mobile,20456,848,195,5443.25,4120.67,2026-03-21,0.0415,4.86,1.32
CAMP-0812,Instagram,Ads,USA,Mobile,75795,837,326,9898.8,2582.48,2026-03-22,0.011,3.09,3.83
CAMP-0813,TikTok,Influencer,Mexico,Mobile,36554,2845,317,16750.92,9331.24,2026-03-23,0.0778,3.28,1.8
CAMP-0814,LinkedIn,Organic,Canada,Tablet,47922,4354,478,3357.15,10798.91,2026-03-24,0.0909,2.48,0.31
CAMP-0815,LinkedIn,Email,Brazil,Tablet,14409,4638,251,5611.4,8564.34,2026-03-25,0.3219,1.85,0.66
CAMP-0816,YouTube,Email,UK,Desktop,70327,3134,502,1409.38,11088.35,2026-03-26,0.0446,3.54,0.13
CAMP-0817,Twitter,SEO,UK,Desktop,92400,2968,118,14149.11,2165.74,2026-03-27,0.0321,0.73,6.53
CAMP-0818,Instagram,Email,USA,Mobile,37639,781,673,4840.37,13242.93,2026-03-28,0.0207,16.96,0.37
CAMP-0819,Instagram,Organic,Germany,Tablet,64627,1179,709,7834.63,8756.81,2026-03-29,0.0182,7.43,0.89
CAMP-0820,Facebook,Organic,Argentina,Desktop,84424,3496,497,8929.66,1946.32,2026-03-30,0.0414,0.56,4.59
CAMP-0821,YouTube,Email,Canada,Tablet,20692,1655,485,17837.15,6955.78,2026-03-31,0.08,4.2,2.56
CAMP-0822,Facebook,Organic,Spain,Tablet,90037,3828,44,8285.47,12679.64,2026-04-01,0.0425,3.31,0.65
CAMP-0823,Facebook,SEO,Mexico,Mobile,79840,2795,313,2989.98,13468.55,2026-04-02,0.035,4.82,0.22
CAMP-0824,Facebook,Ads,UK,Mobile,55200,3220,178,10533.87,4006.51,2026-04-03,0.0583,1.24,2.63
CAMP-0825,Twitter,SEO,UK,Tablet,94063,4739,417,19262.86,10683.42,2026-04-04,0.0504,2.25,1.8
CAMP-0826,Twitter,SEO,Spain,Tablet,58415,2983,555,12192.94,1544.78,2026-04-05,0.0511,0.52,7.89
CAMP-0827,TikTok,Organic,Canada,Tablet,19074,1265,782,19669.41,551.51,2026-04-06,0.0663,0.44,35.66
CAMP-0828,TikTok,Ads,Argentina,Tablet,16549,374,77,16838.04,8427.96,2026-04-07,0.0226,22.53,2.0
CAMP-0829,Facebook,Organic,Germany,Mobile,30963,1900,325,815.72,10437.67,2026-04-08,0.0614,5.49,0.08
CAMP-0830,YouTube,Influencer,UK,Desktop,92456,1540,689,13202.15,11947.01,2026-04-09,0.0167,7.76,1.11
CAMP-0831,Instagram,Organic,Argentina,Mobile,97362,943,356,5806.66,5136.23,2026-04-10,0.0097,5.45,1.13
CAMP-0832,Twitter,Organic,Canada,Desktop,53265,1440,415,11236.38,147.55,2026-04-11,0.027,0.1,76.15
CAMP-0833,YouTube,Organic,Spain,Tablet,17061,3439,514,5658.97,7218.81,2026-04-12,0.2016,2.1,0.78
CAMP-0834,LinkedIn,Ads,USA,Desktop,59226,4289,213,7042.52,287.01,2026-04-13,0.0724,0.07,24.54
CAMP-0835,Twitter,Organic,Germany,Mobile,29810,4529,73,18471.06,1425.17,2026-04-14,0.1519,0.31,12.96
CAMP-0836,Twitter,Ads,Mexico,Mobile,61006,2313,562,4212.2,4934.0,2026-04-15,0.0379,2.13,0.85
CAMP-0837,TikTok,Email,UK,Tablet,23800,3482,578,17494.77,6585.72,2026-04-16,0.1463,1.89,2.66
CAMP-0838,Instagram,Influencer,Canada,Mobile,76476,2421,508,706.11,4228.07,2026-04-17,0.0317,1.75,0.17
CAMP-0839,Instagram,Ads,USA,Tablet,70460,3136,331,1908.44,8748.89,2026-04-18,0.0445,2.79,0.22
CAMP-0840,LinkedIn,Email,Mexico,Mobile,58767,4362,92,17108.03,877.48,2026-04-19,0.0742,0.2,19.5
CAMP-0841,LinkedIn,Ads,Brazil,Mobile,29054,1565,687,12648.07,2211.47,2026-04-20,0.0539,1.41,5.72
CAMP-0842,Twitter,Ads,Canada,Tablet,76319,2967,656,14970.0,10444.11,2026-04-21,0.0389,3.52,1.43
CAMP-0843,Facebook,Influencer,Canada,Desktop,46397,2402,518,4267.41,2175.01,2026-04-22,0.0518,0.91,1.96
CAMP-0844,TikTok,SEO,Mexico,Mobile,14233,1217,268,10787.96,9614.64,2026-04-23,0.0855,7.9,1.12
CAMP-0845,TikTok,SEO,USA,Desktop,91020,160,375,14770.66,867.54,2026-04-24,0.0018,5.42,17.03
CAMP-0846,Twitter,Ads,Brazil,Mobile,26068,4377,3,12583.55,6140.37,2026-04-25,0.1679,1.4,2.05
CAMP-0847,YouTube,Organic,Argentina,Mobile,66727,3705,137,9486.81,2702.27,2026-04-26,0.0555,0.73,3.51
CAMP-0848,Facebook,Email,Argentina,Mobile,91610,3843,230,19199.7,1689.06,2026-04-27,0.0419,0.44,11.37
CAMP-0849,Twitter,Organic,Spain,Mobile,71453,1805,599,13555.53,8527.14,2026-04-28,0.0253,4.72,1.59
CAMP-0850,Facebook,Organic,USA,Desktop,26832,1627,528,18164.24,13928.62,2026-04-29,0.0606,8.56,1.3
CAMP-0851,Facebook,Ads,Germany,Desktop,87242,1346,51,14622.43,869.07,2026-04-30,0.0154,0.65,16.83
CAMP-0852,Facebook,Ads,UK,Mobile,14682,3824,645,14735.72,6352.24,2026-05-01,0.2605,1.66,2.32
CAMP-0853,Twitter,Ads,Mexico,Mobile,93298,2270,722,1692.36,10627.65,2026-05-02,0.0243,4.68,0.16
CAMP-0854,TikTok,Ads,Spain,Desktop,24383,1022,324,7253.35,6967.18,2026-05-03,0.0419,6.82,1.04
CAMP-0855,TikTok,SEO,Brazil,Tablet,59160,1080,730,17181.55,12107.11,2026-05-04,0.0183,11.21,1.42
CAMP-0856,Facebook,Ads,Mexico,Tablet,94332,2643,716,4728.82,2735.7,2026-05-05,0.028,1.04,1.73
CAMP-0857,YouTube,SEO,Mexico,Desktop,24666,4042,722,2398.57,14395.93,2026-05-06,0.1639,3.56,0.17
CAMP-0858,Instagram,SEO,USA,Mobile,59817,4663,276,6589.51,5808.18,2026-05-07,0.078,1.25,1.13
CAMP-0859,Twitter,Ads,UK,Mobile,92198,963,535,4486.71,5156.47,2026-05-08,0.0104,5.35,0.87
CAMP-0860,Instagram,Influencer,Germany,Tablet,35642,2231,485,18513.24,13125.36,2026-05-09,0.0626,5.88,1.41
CAMP-0861,YouTube,Email,Argentina,Tablet,42830,3247,515,17372.54,8479.81,2026-05-10,0.0758,2.61,2.05
CAMP-0862,Twitter,Organic,Canada,Desktop,11234,1512,151,10043.7,7770.84,2026-05-11,0.1346,5.14,1.29
CAMP-0863,Facebook,SEO,Canada,Tablet,58616,2428,482,1320.74,10918.32,2026-05-12,0.0414,4.5,0.12
CAMP-0864,TikTok,Email,Mexico,Desktop,10221,3504,258,14319.79,8718.52,2026-05-13,0.3428,2.49,1.64
CAMP-0865,Instagram,Influencer,Argentina,Tablet,12410,3603,323,12505.89,2479.61,2026-05-14,0.2903,0.69,5.04
CAMP-0866,LinkedIn,Organic,Argentina,Tablet,81055,1357,167,19414.04,10129.25,2026-05-15,0.0167,7.46,1.92
CAMP-0867,LinkedIn,Organic,UK,Tablet,62413,1239,687,11223.17,2045.36,2026-05-16,0.0199,1.65,5.49
CAMP-0868,YouTube,SEO,Brazil,Mobile,2051,737,309,6794.24,12097.57,2026-05-17,0.3593,16.41,0.56
CAMP-0869,Facebook,Ads,Brazil,Mobile,76301,4711,478,10428.53,14846.56,2026-05-18,0.0617,3.15,0.7
CAMP-0870,Instagram,Influencer,Spain,Mobile,77918,1257,55,19587.34,5691.94,2026-05-19,0.0161,4.53,3.44
CAMP-0871,Facebook,SEO,USA,Tablet,79116,1944,619,13957.61,6699.1,2026-05-20,0.0246,3.45,2.08
CAMP-0872,Instagram,Influencer,UK,Desktop,57563,4972,472,13472.33,744.18,2026-05-21,0.0864,0.15,18.1
CAMP-0873,YouTube,Ads,UK,Desktop,98859,1861,295,4889.56,255.31,2026-05-22,0.0188,0.14,19.15
CAMP-0874,YouTube,Ads,USA,Desktop,45757,3233,460,14897.69,13825.22,2026-05-23,0.0707,4.28,1.08
CAMP-0875,LinkedIn,SEO,Argentina,Desktop,78475,3847,323,15030.41,1972.93,2026-05-24,0.049,0.51,7.62
CAMP-0876,Facebook,Ads,Brazil,Mobile,52257,1694,140,6414.05,6714.39,2026-05-25,0.0324,3.96,0.96
CAMP-0877,Twitter,Email,Brazil,Mobile,96500,4018,666,9725.91,12239.55,2026-05-26,0.0416,3.05,0.79
CAMP-0878,LinkedIn,Organic,Argentina,Tablet,1307,2766,261,5962.61,13345.32,2026-05-27,2.1163,4.82,0.45
CAMP-0879,Facebook,SEO,Brazil,Tablet,57889,240,784,5248.23,7815.0,2026-05-28,0.0041,32.56,0.67
CAMP-0880,LinkedIn,Influencer,Mexico,Desktop,69895,1385,419,615.33,8497.24,2026-05-29,0.0198,6.14,0.07
CAMP-0881,Twitter,Email,UK,Mobile,96184,4853,743,5775.71,10061.78,2026-05-30,0.0505,2.07,0.57
CAMP-0882,TikTok,SEO,Canada,Desktop,36944,3156,240,11124.0,14422.67,2026-05-31,0.0854,4.57,0.77
CAMP-0883,TikTok,Ads,USA,Tablet,39134,428,354,131.86,9059.92,2026-06-01,0.0109,21.17,0.01
CAMP-0884,TikTok,Ads,Brazil,Tablet,28323,4532,769,5736.06,8414.16,2026-06-02,0.16,1.86,0.68
CAMP-0885,TikTok,Ads,Spain,Desktop,72762,3879,760,17640.07,267.29,2026-06-03,0.0533,0.07,66.0
CAMP-0886,Instagram,Ads,Brazil,Tablet,88225,665,588,11913.61,1260.2,2026-06-04,0.0075,1.9,9.45
CAMP-0887,TikTok,Influencer,Brazil,Desktop,97507,2380,179,12196.47,8678.72,2026-06-05,0.0244,3.65,1.41
CAMP-0888,Twitter,Email,Germany,Mobile,26954,1804,65,8126.95,14046.79,2026-06-06,0.0669,7.79,0.58
CAMP-0889,YouTube,Organic,Mexico,Desktop,56021,513,347,13561.8,13007.04,2026-06-07,0.0092,25.35,1.04
CAMP-0890,YouTube,Influencer,USA,Mobile,90959,1016,170,3879.66,14739.55,2026-06-08,0.0112,14.51,0.26
CAMP-0891,Instagram,Influencer,Germany,Mobile,96927,4317,473,16393.06,7941.12,2026-06-09,0.0445,1.84,2.06
CAMP-0892,TikTok,Organic,Germany,Tablet,80866,3208,533,2422.11,11829.57,2026-06-10,0.0397,3.69,0.2
CAMP-0893,TikTok,Organic,Spain,Tablet,71427,3674,366,13154.43,12613.98,2026-06-11,0.0514,3.43,1.04
CAMP-0894,TikTok,Ads,UK,Tablet,5992,4988,106,6888.87,9738.07,2026-06-12,0.8324,1.95,0.71
CAMP-0895,LinkedIn,Influencer,Spain,Desktop,2961,739,438,14975.51,5114.31,2026-06-13,0.2496,6.92,2.93
CAMP-0896,Facebook,SEO,UK,Desktop,13497,2672,226,11040.31,7076.18,2026-06-14,0.198,2.65,1.56
CAMP-0897,LinkedIn,Organic,UK,Tablet,33551,2262,443,9101.83,12875.86,2026-06-15,0.0674,5.69,0.71
CAMP-0898,Facebook,Organic,USA,Desktop,77384,432,441,3471.51,4513.29,2026-06-16,0.0056,10.45,0.77
CAMP-0899,TikTok,Email,Brazil,Tablet,56755,2306,395,12772.75,13859.96,2026-06-17,0.0406,6.01,0.92
CAMP-0900,TikTok,SEO,USA,Desktop,14255,3860,727,19497.92,3485.6,2026-06-18,0.2708,0.9,5.59
CAMP-0901,LinkedIn,SEO,Mexico,Mobile,5567,3553,580,16529.51,11255.27,2026-06-19,0.6382,3.17,1.47
CAMP-0902,LinkedIn,Organic,UK,Mobile,49847,1462,83,1294.16,9476.86,2026-06-20,0.0293,6.48,0.14
CAMP-0903,Facebook,Ads,Germany,Tablet,49003,1633,614,7586.96,11256.51,2026-06-21,0.0333,6.89,0.67
CAMP-0904,YouTube,Email,Brazil,Desktop,21389,421,550,18519.1,6588.35,2026-06-22,0.0197,15.65,2.81
CAMP-0905,Facebook,SEO,Canada,Desktop,45523,660,12,10110.57,13992.98,2026-06-23,0.0145,21.2,0.72
CAMP-0906,LinkedIn,Organic,Mexico,Mobile,62576,165,692,13276.03,9505.46,2026-06-24,0.0026,57.61,1.4
CAMP-0907,Twitter,SEO,USA,Mobile,44919,496,492,18260.73,4360.02,2026-06-25,0.011,8.79,4.19
CAMP-0908,LinkedIn,Email,Spain,Tablet,83103,1441,267,17488.51,9594.9,2026-06-26,0.0173,6.66,1.82
CAMP-0909,Twitter,Email,Mexico,Mobile,4358,3374,524,10086.23,4337.9,2026-06-27,0.7742,1.29,2.33
CAMP-0910,Instagram,Influencer,Mexico,Tablet,89535,1390,119,8809.16,4439.8,2026-06-28,0.0155,3.19,1.98
CAMP-0911,LinkedIn,Organic,Brazil,Mobile,77524,4560,352,6859.88,6024.0,2026-06-29,0.0588,1.32,1.14
CAMP-0912,Instagram,Email,Mexico,Mobile,98057,2989,56,14408.49,12793.83,2026-06-30,0.0305,4.28,1.13
CAMP-0913,YouTube,Influencer,Mexico,Desktop,6698,3749,39,5811.04,7529.45,2026-07-01,0.5597,2.01,0.77
CAMP-0914,Facebook,Influencer,Canada,Mobile,67809,1123,335,5072.76,10199.57,2026-07-02,0.0166,9.08,0.5
CAMP-0915,Twitter,SEO,Argentina,Mobile,94079,4863,639,7189.37,5909.92,2026-07-03,0.0517,1.22,1.22
CAMP-0916,Facebook,SEO,Spain,Tablet,56805,3619,172,3626.58,3990.9,2026-07-04,0.0637,1.1,0.91
CAMP-0917,Instagram,Influencer,Spain,Mobile,32349,3200,546,13932.88,14321.87,2026-07-05,0.0989,4.48,0.97
CAMP-0918,Twitter,SEO,Spain,Tablet,77777,1655,258,12363.19,9073.54,2026-07-06,0.0213,5.48,1.36
CAMP-0919,Facebook,Email,UK,Mobile,51248,4707,516,9709.28,14012.57,2026-07-07,0.0918,2.98,0.69
CAMP-0920,LinkedIn,Ads,Germany,Mobile,76033,2344,729,7867.48,3091.02,2026-07-08,0.0308,1.32,2.55
CAMP-0921,TikTok,Email,Argentina,Tablet,99239,3712,522,18190.34,2246.07,2026-07-09,0.0374,0.61,8.1
CAMP-0922,Instagram,Influencer,Spain,Desktop,45041,4532,116,679.56,12844.55,2026-07-10,0.1006,2.83,0.05
CAMP-0923,Facebook,Influencer,Mexico,Tablet,32954,4847,183,15405.24,10229.71,2026-07-11,0.1471,2.11,1.51
CAMP-0924,Instagram,Email,Mexico,Tablet,9002,1033,115,18048.0,2839.35,2026-07-12,0.1148,2.75,6.36
CAMP-0925,Instagram,SEO,Spain,Tablet,70783,401,161,8982.46,4076.93,2026-07-13,0.0057,10.17,2.2
CAMP-0926,Twitter,SEO,Brazil,Desktop,88234,1774,578,11058.74,12019.93,2026-07-14,0.0201,6.78,0.92
CAMP-0927,Twitter,Influencer,Spain,Mobile,20738,2001,711,18894.83,6835.34,2026-07-15,0.0965,3.42,2.76
CAMP-0928,TikTok,Organic,Mexico,Tablet,11703,1329,542,4324.32,10074.58,2026-07-16,0.1136,7.58,0.43
CAMP-0929,LinkedIn,SEO,UK,Tablet,50422,1957,586,10450.68,4809.36,2026-07-17,0.0388,2.46,2.17
CAMP-0930,Instagram,Email,USA,Desktop,84106,4898,236,9546.95,5749.39,2026-07-18,0.0582,1.17,1.66
CAMP-0931,Facebook,SEO,USA,Tablet,62899,1074,65,5242.01,14861.15,2026-07-19,0.0171,13.84,0.35
CAMP-0932,YouTube,Email,Argentina,Mobile,13392,595,69,16390.01,3751.88,2026-07-20,0.0444,6.31,4.37
CAMP-0933,Instagram,Influencer,Argentina,Desktop,45724,4224,446,18002.05,7621.52,2026-07-21,0.0924,1.8,2.36
CAMP-0934,Instagram,SEO,Spain,Mobile,33299,2431,415,15660.46,12673.82,2026-07-22,0.073,5.21,1.24
CAMP-0935,TikTok,Email,Canada,Mobile,16641,938,531,3987.64,3626.39,2026-07-23,0.0564,3.87,1.1
CAMP-0936,LinkedIn,Influencer,Spain,Desktop,80534,1155,440,1826.3,6257.45,2026-07-24,0.0143,5.42,0.29
CAMP-0937,YouTube,Organic,Brazil,Tablet,7305,2599,737,12148.35,9245.61,2026-07-25,0.3558,3.56,1.31
CAMP-0938,Twitter,Email,Spain,Mobile,99262,2040,463,1236.19,7243.76,2026-07-26,0.0206,3.55,0.17
CAMP-0939,Twitter,Organic,Argentina,Mobile,19782,4048,395,13489.24,6919.56,2026-07-27,0.2046,1.71,1.95
CAMP-0940,Facebook,Organic,USA,Mobile,79257,3825,710,10655.44,5469.52,2026-07-28,0.0483,1.43,1.95
CAMP-0941,YouTube,Ads,Mexico,Mobile,78963,2862,550,13289.44,8820.36,2026-07-29,0.0362,3.08,1.51
CAMP-0942,Twitter,SEO,Spain,Desktop,21566,970,656,11844.4,9384.37,2026-07-30,0.045,9.67,1.26
CAMP-0943,Facebook,Email,Mexico,Desktop,68766,4695,556,8511.78,9816.68,2026-07-31,0.0683,2.09,0.87
CAMP-0944,LinkedIn,Organic,Mexico,Mobile,7511,2111,394,4097.46,1102.0,2026-08-01,0.2811,0.52,3.72
CAMP-0945,Facebook,Ads,Canada,Tablet,27177,4537,325,6183.47,9483.96,2026-08-02,0.1669,2.09,0.65
CAMP-0946,Twitter,Influencer,Mexico,Mobile,5765,3689,90,10537.56,14300.9,2026-08-03,0.6399,3.88,0.74
CAMP-0947,TikTok,Email,USA,Tablet,21354,3215,749,13072.18,8137.74,2026-08-04,0.1506,2.53,1.61
CAMP-0948,TikTok,Organic,UK,Mobile,24929,4485,69,15611.71,10743.24,2026-08-05,0.1799,2.4,1.45
CAMP-0949,TikTok,SEO,UK,Tablet,29820,2694,165,15366.7,8373.15,2026-08-06,0.0903,3.11,1.84
CAMP-0950,Twitter,Ads,Germany,Mobile,30523,4902,641,19456.51,12828.37,2026-08-07,0.1606,2.62,1.52
CAMP-0951,TikTok,Organic,Brazil,Tablet,72088,1095,213,5788.24,13947.27,2026-08-08,0.0152,12.74,0.42
CAMP-0952,YouTube,SEO,Spain,Mobile,67163,3606,600,1515.1,2804.09,2026-08-09,0.0537,0.78,0.54
CAMP-0953,LinkedIn,Organic,Brazil,Mobile,78525,2731,334,6978.57,6581.06,2026-08-10,0.0348,2.41,1.06
CAMP-0954,Facebook,Email,USA,Tablet,14780,3249,763,14891.56,5916.11,2026-08-11,0.2198,1.82,2.52
CAMP-0955,Facebook,Email,Mexico,Desktop,7589,988,368,8818.42,6107.97,2026-08-12,0.1302,6.18,1.44
CAMP-0956,Twitter,Email,UK,Tablet,35812,4993,583,16373.99,1926.59,2026-08-13,0.1394,0.39,8.5
CAMP-0957,TikTok,Ads,Brazil,Desktop,94664,491,676,11031.59,12213.56,2026-08-14,0.0052,24.87,0.9
CAMP-0958,TikTok,Email,USA,Mobile,46939,2600,48,18602.86,584.71,2026-08-15,0.0554,0.22,31.82
CAMP-0959,Instagram,SEO,UK,Tablet,52493,4275,51,18962.48,7946.99,2026-08-16,0.0814,1.86,2.39
CAMP-0960,LinkedIn,Organic,Mexico,Tablet,94326,646,288,1479.16,9945.08,2026-08-17,0.0068,15.39,0.15
CAMP-0961,YouTube,Influencer,Brazil,Tablet,41953,1555,789,9182.63,3151.67,2026-08-18,0.0371,2.03,2.91
CAMP-0962,Facebook,SEO,UK,Desktop,66785,911,625,12232.81,13592.46,2026-08-19,0.0136,14.92,0.9
CAMP-0963,Instagram,SEO,Spain,Desktop,20309,2690,238,5191.86,12586.31,2026-08-20,0.1325,4.68,0.41
CAMP-0964,Instagram,Email,Argentina,Mobile,55195,3781,132,8200.83,7092.7,2026-08-21,0.0685,1.88,1.16
CAMP-0965,Twitter,Ads,Spain,Desktop,26901,1601,785,13585.86,6196.68,2026-08-22,0.0595,3.87,2.19
CAMP-0966,Facebook,Organic,Germany,Desktop,24576,3286,165,4612.01,3586.69,2026-08-23,0.1337,1.09,1.29
CAMP-0967,Twitter,Ads,Germany,Mobile,32508,1786,373,12079.43,10963.4,2026-08-24,0.0549,6.14,1.1
CAMP-0968,YouTube,Organic,UK,Tablet,75711,1499,372,13979.21,2019.57,2026-08-25,0.0198,1.35,6.92
CAMP-0969,Instagram,Organic,Argentina,Tablet,26464,314,477,1900.88,10219.55,2026-08-26,0.0119,32.55,0.19
CAMP-0970,Instagram,Ads,USA,Mobile,61281,2709,754,10000.83,12644.73,2026-08-27,0.0442,4.67,0.79
CAMP-0971,LinkedIn,SEO,Spain,Tablet,17260,2771,478,5335.29,3465.65,2026-08-28,0.1605,1.25,1.54
CAMP-0972,YouTube,Organic,USA,Desktop,36440,1512,649,14515.29,13003.09,2026-08-29,0.0415,8.6,1.12
CAMP-0973,Instagram,Ads,Argentina,Mobile,96082,4302,590,3872.15,548.18,2026-08-30,0.0448,0.13,7.06
CAMP-0974,YouTube,Organic,USA,Mobile,57683,1495,681,17855.53,13696.17,2026-08-31,0.0259,9.16,1.3
CAMP-0975,Facebook,Influencer,Argentina,Mobile,42430,2348,634,8675.73,1819.52,2026-09-01,0.0553,0.77,4.77
CAMP-0976,TikTok,SEO,UK,Tablet,2987,2975,687,4040.26,9704.1,2026-09-02,0.996,3.26,0.42
CAMP-0977,Instagram,Email,USA,Mobile,26105,1682,299,8816.63,3788.73,2026-09-03,0.0644,2.25,2.33
CAMP-0978,LinkedIn,Organic,Spain,Mobile,79484,2424,81,8234.0,12556.46,2026-09-04,0.0305,5.18,0.66
CAMP-0979,Facebook,Influencer,Mexico,Mobile,14026,562,86,8635.49,7708.89,2026-09-05,0.0401,13.72,1.12
CAMP-0980,YouTube,Email,Germany,Tablet,69309,265,224,11752.67,2071.86,2026-09-06,0.0038,7.82,5.67
CAMP-0981,Twitter,Email,Mexico,Desktop,46927,3381,15,10471.36,8586.32,2026-09-07,0.072,2.54,1.22
CAMP-0982,Facebook,Organic,USA,Mobile,76414,2222,357,3080.56,6147.85,2026-09-08,0.0291,2.77,0.5
CAMP-0983,Instagram,Ads,Mexico,Desktop,58535,3203,162,1405.02,9938.64,2026-09-09,0.0547,3.1,0.14
CAMP-0984,YouTube,Organic,Spain,Tablet,43946,1756,609,14615.37,13234.45,2026-09-10,0.04,7.54,1.1
CAMP-0985,TikTok,Influencer,Spain,Tablet,57561,2156,667,11238.38,6170.37,2026-09-11,0.0375,2.86,1.82
CAMP-0986,Facebook,Email,USA,Tablet,11377,1617,513,7244.12,4383.72,2026-09-12,0.1421,2.71,1.65
CAMP-0987,Instagram,Organic,UK,Tablet,54592,2258,349,16186.32,267.0,2026-09-13,0.0414,0.12,60.62
CAMP-0988,LinkedIn,Ads,Mexico,Desktop,8347,2381,680,7822.36,8643.84,2026-09-14,0.2853,3.63,0.9
CAMP-0989,Twitter,Organic,UK,Mobile,34776,2203,463,15939.71,6064.01,2026-09-15,0.0633,2.75,2.63
CAMP-0990,YouTube,SEO,UK,Tablet,4783,1178,374,6184.55,5651.01,2026-09-16,0.2463,4.8,1.09
CAMP-0991,Facebook,Ads,Argentina,Tablet,56798,3560,91,1549.62,2784.88,2026-09-17,0.0627,0.78,0.56
CAMP-0992,Facebook,Influencer,Canada,Desktop,5298,4373,180,18659.53,6479.33,2026-09-18,0.8254,1.48,2.88
CAMP-0993,TikTok,Email,USA,Desktop,71204,3703,742,7951.57,14767.41,2026-09-19,0.052,3.99,0.54
CAMP-0994,TikTok,Organic,Germany,Tablet,87207,2415,300,15874.58,4501.42,2026-09-20,0.0277,1.86,3.53
CAMP-0995,LinkedIn,Ads,Spain,Mobile,56161,4947,659,5654.97,9015.58,2026-09-21,0.0881,1.82,0.63
CAMP-0996,Twitter,SEO,Spain,Mobile,61652,2971,791,12962.67,11658.48,2026-09-22,0.0482,3.92,1.11
CAMP-0997,LinkedIn,Ads,USA,Tablet,35484,4617,188,17478.89,11249.91,2026-09-23,0.1301,2.44,1.55
CAMP-0998,Instagram,SEO,Argentina,Desktop,99614,1129,313,928.72,4965.18,2026-09-24,0.0113,4.4,0.19
CAMP-0999,Instagram,Influencer,Brazil,Tablet,21922,3561,492,16629.65,9182.36,2026-09-25,0.1624,2.58,1.81
CAMP-1000,LinkedIn,Email,Brazil,Tablet,35028,2791,127,11469.53,13075.41,2026-09-26,0.0797,4.68,0.88
CAMP-1001,Twitter,Influencer,Brazil,Desktop,21316,3070,518,12188.69,280.94,2026-09-27,0.144,0.09,43.39
CAMP-1002,LinkedIn,Organic,Argentina,Tablet,77996,278,425,10510.84,6564.23,2026-09-28,0.0036,23.61,1.6
CAMP-1003,Twitter,Ads,Germany,Tablet,17968,220,558,17502.05,3402.89,2026-09-29,0.0122,15.47,5.14
CAMP-1004,Twitter,SEO,Spain,Tablet,31266,344,564,964.32,5860.05,2026-09-30,0.011,17.04,0.16
CAMP-1005,YouTube,SEO,USA,Desktop,96745,4334,186,5294.46,6269.04,2026-10-01,0.0448,1.45,0.84
CAMP-1006,Twitter,Ads,Argentina,Mobile,25000,475,549,17527.67,11212.73,2026-10-02,0.019,23.61,1.56
CAMP-1007,TikTok,Ads,Spain,Mobile,15011,968,452,15071.68,1452.64,2026-10-03,0.0645,1.5,10.38
CAMP-1008,Twitter,Organic,UK,Desktop,3866,3303,470,451.14,7713.13,2026-10-04,0.8544,2.34,0.06
CAMP-1009,Twitter,Influencer,Mexico,Mobile,6898,548,737,10388.43,8484.71,2026-10-05,0.0794,15.48,1.22
CAMP-1010,Twitter,SEO,Mexico,Tablet,19395,2859,564,10638.5,7437.66,2026-10-06,0.1474,2.6,1.43
CAMP-1011,Instagram,Organic,Argentina,Mobile,40019,875,223,8077.55,10991.51,2026-10-07,0.0219,12.56,0.73
CAMP-1012,TikTok,Influencer,Spain,Tablet,5006,3829,153,6018.13,5787.68,2026-10-08,0.7649,1.51,1.04
CAMP-1013,TikTok,Organic,Canada,Mobile,35393,1908,559,13666.32,14177.26,2026-10-09,0.0539,7.43,0.96
CAMP-1014,LinkedIn,SEO,Germany,Desktop,11956,2168,350,4235.03,7252.96,2026-10-10,0.1813,3.35,0.58
CAMP-1015,YouTube,Ads,Brazil,Mobile,51042,195,146,15999.08,8589.65,2026-10-11,0.0038,44.05,1.86
CAMP-1016,Twitter,Ads,Germany,Mobile,97199,4615,575,16080.44,12391.69,2026-10-12,0.0475,2.69,1.3
CAMP-1017,Facebook,Influencer,Germany,Mobile,7078,3627,348,8363.7,4164.78,2026-10-13,0.5124,1.15,2.01
CAMP-1018,YouTube,Email,Argentina,Desktop,30631,242,181,5742.61,1174.27,2026-10-14,0.0079,4.85,4.89
CAMP-1019,YouTube,Influencer,UK,Mobile,96676,3938,636,5749.18,10631.37,2026-10-15,0.0407,2.7,0.54
CAMP-1020,TikTok,Email,Germany,Desktop,63901,101,178,9697.6,7271.03,2026-10-16,0.0016,71.99,1.33
CAMP-1021,YouTube,Organic,Mexico,Tablet,70497,2460,38,14419.63,13452.74,2026-10-17,0.0349,5.47,1.07
CAMP-1022,Twitter,Organic,UK,Mobile,95813,1870,771,7241.49,14741.07,2026-10-18,0.0195,7.88,0.49
CAMP-1023,Twitter,SEO,USA,Desktop,42574,3014,2,12239.86,6016.68,2026-10-19,0.0708,2.0,2.03
CAMP-1024,Instagram,Email,Germany,Desktop,32417,2571,63,7711.44,6260.81,2026-10-20,0.0793,2.44,1.23
CAMP-1025,Twitter,SEO,Germany,Mobile,89020,1919,28,6160.01,6149.04,2026-10-21,0.0216,3.2,1.0
CAMP-1026,Twitter,Ads,USA,Tablet,84639,2618,371,594.7,4902.08,2026-10-22,0.0309,1.87,0.12
CAMP-1027,TikTok,Email,Germany,Desktop,66006,1917,522,177.89,11736.22,2026-10-23,0.029,6.12,0.02
CAMP-1028,Twitter,Influencer,USA,Mobile,95881,2788,96,4621.43,11396.99,2026-10-24,0.0291,4.09,0.41
CAMP-1029,Instagram,Ads,UK,Tablet,40454,3319,441,8187.49,7205.74,2026-10-25,0.082,2.17,1.14
CAMP-1030,Facebook,Ads,Mexico,Desktop,2587,3249,202,17040.1,717.69,2026-10-26,1.2559,0.22,23.74
CAMP-1031,TikTok,Influencer,USA,Desktop,55710,2629,410,15989.84,4677.91,2026-10-27,0.0472,1.78,3.42
CAMP-1032,Facebook,Ads,Canada,Tablet,87567,4055,20,5416.59,4419.93,2026-10-28,0.0463,1.09,1.23
CAMP-1033,TikTok,Email,Argentina,Tablet,92748,4985,550,4966.35,12175.75,2026-10-29,0.0537,2.44,0.41
CAMP-1034,LinkedIn,SEO,Argentina,Mobile,76886,290,734,4623.71,1359.25,2026-10-30,0.0038,4.69,3.4
CAMP-1035,YouTube,Ads,USA,Mobile,19816,3490,101,6850.82,12094.85,2026-10-31,0.1761,3.47,0.57
CAMP-1036,LinkedIn,Email,Argentina,Desktop,86824,4681,45,10014.15,10054.3,2026-11-01,0.0539,2.15,1.0
CAMP-1037,Twitter,Organic,Germany,Tablet,30432,1457,65,8829.49,11000.0,2026-11-02,0.0479,7.55,0.8
CAMP-1038,Facebook,Email,Brazil,Tablet,49617,3552,602,4443.64,6511.59,2026-11-03,0.0716,1.83,0.68
CAMP-1039,Twitter,SEO,Brazil,Tablet,73373,4088,163,2695.98,10211.9,2026-11-04,0.0557,2.5,0.26
CAMP-1040,YouTube,Email,Argentina,Desktop,35217,132,110,350.3,9154.98,2026-11-05,0.0037,69.36,0.04
CAMP-1041,TikTok,Influencer,UK,Tablet,21884,3818,337,3163.87,11546.25,2026-11-06,0.1745,3.02,0.27
CAMP-1042,YouTube,SEO,Spain,Tablet,6454,1000,122,14136.59,6729.21,2026-11-07,0.1549,6.73,2.1
CAMP-1043,Instagram,Organic,UK,Desktop,75960,660,704,4948.41,7118.74,2026-11-08,0.0087,10.79,0.7
CAMP-1044,YouTube,Influencer,Spain,Mobile,44618,4719,446,9425.18,9671.46,2026-11-09,0.1058,2.05,0.97
CAMP-1045,Instagram,Email,Brazil,Mobile,84948,3655,610,11866.89,1665.76,2026-11-10,0.043,0.46,7.12
CAMP-1046,YouTube,SEO,Brazil,Desktop,63671,4604,290,17748.13,6571.85,2026-11-11,0.0723,1.43,2.7
CAMP-1047,Instagram,Organic,USA,Tablet,48111,3333,670,17788.22,14580.67,2026-11-12,0.0693,4.37,1.22
CAMP-1048,Facebook,Influencer,Mexico,Desktop,40613,2223,411,14940.1,611.41,2026-11-13,0.0547,0.28,24.44
CAMP-1049,Twitter,Organic,Canada,Mobile,86678,3534,614,799.62,4774.27,2026-11-14,0.0408,1.35,0.17
CAMP-1050,Twitter,Email,UK,Mobile,60993,1572,280,11543.9,4745.94,2026-11-15,0.0258,3.02,2.43
CAMP-1051,LinkedIn,Organic,Germany,Desktop,9848,2651,42,15753.01,9520.29,2026-11-16,0.2692,3.59,1.65
CAMP-1052,Twitter,Ads,Spain,Desktop,79672,2707,485,444.03,1631.72,2026-11-17,0.034,0.6,0.27
CAMP-1053,TikTok,Influencer,Argentina,Mobile,67125,2209,595,11038.72,9446.73,2026-11-18,0.0329,4.28,1.17
CAMP-1054,YouTube,Organic,Germany,Desktop,87444,2499,702,17169.51,1470.85,2026-11-19,0.0286,0.59,11.67
CAMP-1055,LinkedIn,Email,Mexico,Mobile,62602,3880,50,9534.63,1469.56,2026-11-20,0.062,0.38,6.49
CAMP-1056,TikTok,Email,Spain,Desktop,73045,171,209,181.71,10936.34,2026-11-21,0.0023,63.96,0.02
CAMP-1057,TikTok,Organic,UK,Desktop,43222,4418,125,319.17,4895.82,2026-11-22,0.1022,1.11,0.07
CAMP-1058,Instagram,Email,USA,Desktop,50223,1367,491,8391.06,14662.47,2026-11-23,0.0272,10.73,0.57
CAMP-1059,Twitter,SEO,Germany,Mobile,66333,4543,508,3184.67,608.43,2026-11-24,0.0685,0.13,5.23
CAMP-1060,Facebook,SEO,Mexico,Desktop,53732,2568,580,13322.57,6704.34,2026-11-25,0.0478,2.61,1.99
CAMP-1061,Facebook,SEO,UK,Mobile,50420,1280,776,14205.11,1741.38,2026-11-26,0.0254,1.36,8.16
CAMP-1062,LinkedIn,Ads,Brazil,Mobile,76504,1183,257,3639.81,5303.12,2026-11-27,0.0155,4.48,0.69
CAMP-1063,Facebook,Organic,Brazil,Desktop,3462,1351,187,17781.81,14973.43,2026-11-28,0.3902,11.08,1.19
CAMP-1064,YouTube,Ads,UK,Desktop,10460,4084,229,8893.97,13338.2,2026-11-29,0.3904,3.27,0.67
CAMP-1065,Facebook,Email,UK,Mobile,10275,1960,188,2942.63,772.45,2026-11-30,0.1908,0.39,3.81
CAMP-1066,LinkedIn,Ads,UK,Mobile,95213,1555,414,15308.61,8470.67,2026-12-01,0.0163,5.45,1.81
CAMP-1067,Facebook,Email,Spain,Tablet,14269,3235,9,15820.49,9734.94,2026-12-02,0.2267,3.01,1.63
CAMP-1068,YouTube,Email,UK,Mobile,66942,1966,113,12821.98,3182.54,2026-12-03,0.0294,1.62,4.03
CAMP-1069,Instagram,Influencer,Germany,Tablet,73920,4965,75,17083.96,2219.33,2026-12-04,0.0672,0.45,7.7
CAMP-1070,LinkedIn,SEO,Mexico,Tablet,23553,3598,675,14773.72,13570.5,2026-12-05,0.1528,3.77,1.09
CAMP-1071,Instagram,Email,Spain,Tablet,25366,2807,501,17655.89,14533.81,2026-12-06,0.1107,5.18,1.21
CAMP-1072,Instagram,Influencer,UK,Desktop,45036,2006,84,8734.37,14878.8,2026-12-07,0.0445,7.42,0.59
CAMP-1073,Instagram,SEO,Canada,Desktop,18369,228,48,14977.18,11856.94,2026-12-08,0.0124,52.0,1.26
CAMP-1074,TikTok,Email,Argentina,Mobile,12795,946,494,19995.06,9969.36,2026-12-09,0.0739,10.54,2.01
CAMP-1075,Twitter,Email,Canada,Tablet,71021,1601,688,14526.13,5218.67,2026-12-10,0.0225,3.26,2.78
CAMP-1076,TikTok,Ads,Mexico,Desktop,69154,541,386,2372.26,2612.4,2026-12-11,0.0078,4.83,0.91
CAMP-1077,Twitter,Ads,Brazil,Desktop,31143,110,388,10414.54,1230.76,2026-12-12,0.0035,11.19,8.46
CAMP-1078,Instagram,SEO,USA,Desktop,30425,1127,217,11788.22,10414.8,2026-12-13,0.037,9.24,1.13
CAMP-1079,LinkedIn,Email,USA,Desktop,89209,2945,700,3566.79,11781.62,2026-12-14,0.033,4.0,0.3
CAMP-1080,Twitter,Organic,Argentina,Desktop,76139,4210,345,19261.54,12405.48,2026-12-15,0.0553,2.95,1.55
CAMP-1081,YouTube,Ads,Brazil,Tablet,6368,3733,229,3594.04,13710.79,2026-12-16,0.5862,3.67,0.26
CAMP-1082,YouTube,SEO,Spain,Tablet,5621,635,254,3633.4,13204.95,2026-12-17,0.113,20.8,0.28
CAMP-1083,Facebook,Email,Spain,Tablet,59829,4010,235,18311.83,14996.13,2026-12-18,0.067,3.74,1.22
CAMP-1084,Twitter,Email,Spain,Tablet,61294,3820,25,9357.59,3698.76,2026-12-19,0.0623,0.97,2.53
CAMP-1085,LinkedIn,Organic,USA,Mobile,15719,584,583,1357.45,11461.45,2026-12-20,0.0372,19.63,0.12
CAMP-1086,TikTok,SEO,Canada,Tablet,30227,3512,260,12003.93,8817.57,2026-12-21,0.1162,2.51,1.36
CAMP-1087,Instagram,Email,USA,Desktop,8566,4061,765,12076.34,3955.61,2026-12-22,0.4741,0.97,3.05
CAMP-1088,Facebook,Ads,Germany,Tablet,13306,3448,270,1383.57,14729.48,2026-12-23,0.2591,4.27,0.09
CAMP-1089,YouTube,Organic,UK,Mobile,54822,2205,122,19453.2,13473.58,2026-12-24,0.0402,6.11,1.44
CAMP-1090,TikTok,SEO,Spain,Desktop,25042,1054,655,10926.2,1971.31,2026-12-25,0.0421,1.87,5.54
CAMP-1091,TikTok,Organic,Canada,Tablet,16086,2549,256,11239.93,441.07,2026-12-26,0.1585,0.17,25.48
CAMP-1092,Instagram,Ads,Mexico,Tablet,18387,376,655,10450.3,10340.54,2026-12-27,0.0204,27.5,1.01
CAMP-1093,Twitter,SEO,Argentina,Tablet,28042,4753,420,12253.56,9081.75,2026-12-28,0.1695,1.91,1.35
CAMP-1094,YouTube,Organic,Mexico,Desktop,90424,2756,258,5359.57,14040.44,2026-12-29,0.0305,5.09,0.38
CAMP-1095,LinkedIn,Influencer,UK,Desktop,52618,51,46,5816.1,3548.38,2026-12-30,0.001,69.58,1.64
CAMP-1096,TikTok,Ads,Canada,Mobile,93050,1083,524,10275.65,1311.6,2026-12-31,0.0116,1.21,7.83
CAMP-1097,Instagram,Ads,USA,Desktop,19323,2531,207,16153.05,3925.27,2027-01-01,0.131,1.55,4.12
CAMP-1098,LinkedIn,Ads,USA,Desktop,19019,174,310,1092.31,332.97,2027-01-02,0.0091,1.91,3.28
CAMP-1099,Twitter,Influencer,Germany,Tablet,76426,1154,746,12107.74,586.6,2027-01-03,0.0151,0.51,20.64
CAMP-1100,YouTube,Influencer,Germany,Desktop,41863,2749,148,16154.89,13727.12,2027-01-04,0.0657,4.99,1.18
CAMP-1101,Twitter,Email,USA,Tablet,11283,1911,437,3222.65,5312.65,2027-01-05,0.1694,2.78,0.61
CAMP-1102,TikTok,Organic,Mexico,Tablet,19279,2970,154,398.95,6191.59,2027-01-06,0.1541,2.08,0.06
CAMP-1103,LinkedIn,Email,Argentina,Desktop,47999,178,677,6322.99,324.66,2027-01-07,0.0037,1.82,19.48
CAMP-1104,LinkedIn,Organic,Spain,Mobile,63780,487,89,11804.06,4094.3,2027-01-08,0.0076,8.41,2.88
CAMP-1105,LinkedIn,Influencer,Mexico,Mobile,23908,4896,697,2851.84,12080.65,2027-01-09,0.2048,2.47,0.24
CAMP-1106,TikTok,Influencer,Argentina,Desktop,62584,2598,357,8579.84,9251.59,2027-01-10,0.0415,3.56,0.93
CAMP-1107,TikTok,Email,Germany,Mobile,51225,3179,173,11091.2,11319.02,2027-01-11,0.0621,3.56,0.98
CAMP-1108,Twitter,SEO,UK,Tablet,38952,1271,216,12017.77,6735.85,2027-01-12,0.0326,5.3,1.78
CAMP-1109,Facebook,Email,Argentina,Tablet,38663,951,455,5560.79,4680.45,2027-01-13,0.0246,4.92,1.19
CAMP-1110,Twitter,Organic,USA,Desktop,62381,3218,775,8060.59,7268.01,2027-01-14,0.0516,2.26,1.11
CAMP-1111,YouTube,Email,Germany,Mobile,48929,4536,608,15588.95,4879.91,2027-01-15,0.0927,1.08,3.19
CAMP-1112,Instagram,Ads,Germany,Mobile,10343,3968,628,18830.17,12592.62,2027-01-16,0.3836,3.17,1.5
CAMP-1113,LinkedIn,Organic,Spain,Tablet,77173,1117,198,17251.42,4500.22,2027-01-17,0.0145,4.03,3.83
CAMP-1114,Facebook,Organic,USA,Desktop,40791,76,485,11329.24,9913.47,2027-01-18,0.0019,130.44,1.14
CAMP-1115,Instagram,SEO,Spain,Mobile,30134,597,532,8264.83,2097.88,2027-01-19,0.0198,3.51,3.94
CAMP-1116,Facebook,Influencer,USA,Desktop,48101,2718,199,6725.84,10318.65,2027-01-20,0.0565,3.8,0.65
CAMP-1117,Twitter,Organic,Spain,Mobile,70443,616,370,2586.64,13703.83,2027-01-21,0.0087,22.25,0.19
CAMP-1118,TikTok,Influencer,Argentina,Tablet,58530,753,447,2220.37,9148.32,2027-01-22,0.0129,12.15,0.24
CAMP-1119,LinkedIn,Email,Mexico,Tablet,47799,4330,247,13798.32,8419.84,2027-01-23,0.0906,1.94,1.64
CAMP-1120,Twitter,Ads,UK,Desktop,5827,3190,787,5269.91,14418.72,2027-01-24,0.5475,4.52,0.37
CAMP-1121,Instagram,SEO,UK,Tablet,97143,1640,263,5167.77,9429.58,2027-01-25,0.0169,5.75,0.55
CAMP-1122,Instagram,Influencer,USA,Mobile,63653,4993,57,19964.08,3930.28,2027-01-26,0.0784,0.79,5.08
CAMP-1123,Instagram,Organic,Canada,Tablet,14699,4744,301,3839.73,4421.25,2027-01-27,0.3227,0.93,0.87
CAMP-1124,Instagram,Influencer,Brazil,Desktop,92419,855,30,3046.39,10594.33,2027-01-28,0.0093,12.39,0.29
CAMP-1125,Instagram,Organic,Germany,Desktop,6313,3841,497,2063.84,11044.78,2027-01-29,0.6084,2.88,0.19
CAMP-1126,Facebook,Influencer,Germany,Desktop,14598,1407,248,11638.13,4587.27,2027-01-30,0.0964,3.26,2.54
CAMP-1127,Twitter,Organic,USA,Mobile,29807,3275,604,12594.49,5212.89,2027-01-31,0.1099,1.59,2.42
CAMP-1128,LinkedIn,Email,Argentina,Mobile,71423,3668,776,7368.04,14866.29,2027-02-01,0.0514,4.05,0.5
CAMP-1129,TikTok,Organic,Spain,Mobile,70390,2176,270,10754.73,1574.19,2027-02-02,0.0309,0.72,6.83
CAMP-1130,TikTok,Organic,Canada,Mobile,46226,2510,605,15789.15,6099.44,2027-02-03,0.0543,2.43,2.59
CAMP-1131,Twitter,Ads,Mexico,Mobile,60550,595,665,16380.27,983.59,2027-02-04,0.0098,1.65,16.65
CAMP-1132,Twitter,Organic,Spain,Tablet,81072,2778,393,19162.45,12325.12,2027-02-05,0.0343,4.44,1.55
CAMP-1133,TikTok,Ads,Spain,Mobile,4558,3784,796,16502.93,1430.57,2027-02-06,0.8302,0.38,11.54
CAMP-1134,TikTok,SEO,USA,Mobile,76308,2612,501,11340.34,10126.41,2027-02-07,0.0342,3.88,1.12
CAMP-1135,Facebook,Ads,USA,Tablet,51113,2129,591,3675.17,894.43,2027-02-08,0.0417,0.42,4.11
CAMP-1136,YouTube,Email,Argentina,Mobile,53999,2691,83,2085.29,10109.18,2027-02-09,0.0498,3.76,0.21
CAMP-1137,LinkedIn,Ads,Germany,Desktop,56878,3164,364,1184.79,12653.4,2027-02-10,0.0556,4.0,0.09
CAMP-1138,Instagram,SEO,USA,Mobile,37343,1976,548,13363.86,6012.38,2027-02-11,0.0529,3.04,2.22
CAMP-1139,YouTube,Email,USA,Mobile,59219,666,341,16169.97,7855.79,2027-02-12,0.0112,11.8,2.06
CAMP-1140,Twitter,Influencer,USA,Desktop,36186,3694,406,10222.81,6053.05,2027-02-13,0.1021,1.64,1.69
CAMP-1141,TikTok,Influencer,Argentina,Desktop,37966,1253,424,1188.81,4542.31,2027-02-14,0.033,3.63,0.26
CAMP-1142,YouTube,Ads,Germany,Desktop,34769,1809,743,10755.86,12058.79,2027-02-15,0.052,6.67,0.89
CAMP-1143,LinkedIn,Ads,Mexico,Desktop,54218,2615,92,18721.41,4116.44,2027-02-16,0.0482,1.57,4.55
CAMP-1144,Twitter,SEO,Mexico,Mobile,20229,3224,613,11992.5,10858.0,2027-02-17,0.1594,3.37,1.1
CAMP-1145,Instagram,SEO,Brazil,Desktop,76209,3131,411,16207.61,3132.65,2027-02-18,0.0411,1.0,5.17
CAMP-1146,Instagram,Organic,Brazil,Desktop,28877,2680,431,16023.04,3785.31,2027-02-19,0.0928,1.41,4.23
CAMP-1147,LinkedIn,SEO,USA,Tablet,59001,3211,677,18649.37,5080.09,2027-02-20,0.0544,1.58,3.67
CAMP-1148,LinkedIn,Organic,Brazil,Desktop,98137,4371,158,15427.55,8857.89,2027-02-21,0.0445,2.03,1.74
CAMP-1149,TikTok,Email,Germany,Desktop,39084,719,13,14979.24,6843.61,2027-02-22,0.0184,9.52,2.19
CAMP-1150,Instagram,Ads,Argentina,Tablet,82780,3218,372,4758.64,11189.91,2027-02-23,0.0389,3.48,0.43
CAMP-1151,Twitter,Email,Mexico,Tablet,93892,2171,224,1292.51,3242.83,2027-02-24,0.0231,1.49,0.4
CAMP-1152,YouTube,SEO,Spain,Mobile,17806,4128,504,10400.23,209.55,2027-02-25,0.2318,0.05,49.63
CAMP-1153,Twitter,Email,Mexico,Tablet,89635,4201,72,2576.24,11659.53,2027-02-26,0.0469,2.78,0.22
CAMP-1154,Facebook,Email,Mexico,Mobile,38034,769,248,19247.7,12333.66,2027-02-27,0.0202,16.04,1.56
CAMP-1155,Facebook,Email,Germany,Tablet,41317,2650,510,5869.5,939.23,2027-02-28,0.0641,0.35,6.25
CAMP-1156,LinkedIn,SEO,Brazil,Tablet,56468,3648,602,17073.59,9183.07,2027-03-01,0.0646,2.52,1.86
CAMP-1157,TikTok,Email,Spain,Mobile,20094,4719,215,7813.73,5704.19,2027-03-02,0.2348,1.21,1.37
CAMP-1158,Facebook,Organic,Germany,Tablet,58796,716,601,6531.57,11918.74,2027-03-03,0.0122,16.65,0.55
CAMP-1159,Instagram,SEO,USA,Mobile,11589,333,540,18709.66,13122.5,2027-03-04,0.0287,39.41,1.43
CAMP-1160,Twitter,Email,Argentina,Tablet,58221,3953,219,7330.12,12772.51,2027-03-05,0.0679,3.23,0.57
CAMP-1161,Twitter,SEO,UK,Desktop,2657,3615,726,7866.73,11669.2,2027-03-06,1.3606,3.23,0.67
CAMP-1162,LinkedIn,Influencer,Mexico,Tablet,99300,2284,220,2211.23,4072.33,2027-03-07,0.023,1.78,0.54
CAMP-1163,YouTube,Organic,UK,Mobile,40531,4643,388,13441.89,12187.75,2027-03-08,0.1146,2.62,1.1
CAMP-1164,LinkedIn,Email,Argentina,Tablet,53227,1515,553,5847.9,8025.5,2027-03-09,0.0285,5.3,0.73
CAMP-1165,YouTube,Influencer,Argentina,Mobile,4164,179,646,11753.52,838.71,2027-03-10,0.043,4.69,14.01
CAMP-1166,LinkedIn,Influencer,Germany,Mobile,94078,4784,41,11867.9,6881.24,2027-03-11,0.0509,1.44,1.72
CAMP-1167,LinkedIn,SEO,Germany,Desktop,84973,2110,675,14412.07,14135.26,2027-03-12,0.0248,6.7,1.02
CAMP-1168,LinkedIn,Influencer,Germany,Desktop,42247,3722,282,14930.31,13323.5,2027-03-13,0.0881,3.58,1.12
CAMP-1169,YouTube,Organic,UK,Mobile,20601,2544,57,10337.6,1578.85,2027-03-14,0.1235,0.62,6.55
CAMP-1170,YouTube,Organic,Germany,Tablet,94966,1042,536,6686.74,11174.69,2027-03-15,0.011,10.72,0.6
CAMP-1171,LinkedIn,Ads,Argentina,Mobile,51599,2171,72,16765.27,12096.6,2027-03-16,0.0421,5.57,1.39
CAMP-1172,Facebook,Organic,USA,Mobile,72545,2634,128,6266.33,4107.25,2027-03-17,0.0363,1.56,1.53
CAMP-1173,TikTok,Influencer,Germany,Tablet,5552,4246,598,10199.43,7100.55,2027-03-18,0.7648,1.67,1.44
CAMP-1174,TikTok,Organic,Canada,Tablet,10417,2273,425,8084.93,10679.27,2027-03-19,0.2182,4.7,0.76
CAMP-1175,TikTok,SEO,Brazil,Tablet,59579,4572,664,17116.06,6613.67,2027-03-20,0.0767,1.45,2.59
CAMP-1176,YouTube,Ads,UK,Tablet,69207,3238,693,8695.18,1736.31,2027-03-21,0.0468,0.54,5.01
CAMP-1177,YouTube,Influencer,Canada,Mobile,73055,3287,124,7783.37,10602.94,2027-03-22,0.045,3.23,0.73
CAMP-1178,Facebook,Ads,Germany,Mobile,79270,4186,66,13827.49,13679.0,2027-03-23,0.0528,3.27,1.01
CAMP-1179,TikTok,Influencer,Argentina,Desktop,4722,4574,5,12088.58,9804.65,2027-03-24,0.9687,2.14,1.23
CAMP-1180,TikTok,SEO,USA,Mobile,71442,393,636,2234.21,11618.32,2027-03-25,0.0055,29.56,0.19
CAMP-1181,LinkedIn,Ads,Mexico,Tablet,96632,4511,313,10212.56,5407.52,2027-03-26,0.0467,1.2,1.89
CAMP-1182,YouTube,Email,Spain,Desktop,41031,4754,325,14736.02,2788.81,2027-03-27,0.1159,0.59,5.28
CAMP-1183,TikTok,Influencer,Brazil,Tablet,80235,4873,564,19842.29,9659.47,2027-03-28,0.0607,1.98,2.05
CAMP-1184,Twitter,Email,Spain,Mobile,22438,2326,577,12620.02,4950.18,2027-03-29,0.1037,2.13,2.55
CAMP-1185,Facebook,Ads,Germany,Desktop,59819,4970,505,7468.83,12908.1,2027-03-30,0.0831,2.6,0.58
CAMP-1186,Twitter,Email,Brazil,Tablet,44856,3251,81,4600.42,1883.29,2027-03-31,0.0725,0.58,2.44
CAMP-1187,Twitter,Email,Brazil,Desktop,34576,938,598,17469.32,6530.28,2027-04-01,0.0271,6.96,2.68
CAMP-1188,Facebook,Ads,USA,Desktop,42938,2093,1,16309.85,5981.08,2027-04-02,0.0487,2.86,2.73
CAMP-1189,Twitter,SEO,Brazil,Mobile,50028,1391,203,4755.06,14073.91,2027-04-03,0.0278,10.12,0.34
CAMP-1190,TikTok,Email,UK,Tablet,60807,3770,661,4092.58,2339.37,2027-04-04,0.062,0.62,1.75
CAMP-1191,YouTube,Email,Canada,Desktop,50877,2933,403,14331.22,197.21,2027-04-05,0.0576,0.07,72.67
CAMP-1192,Facebook,SEO,Canada,Desktop,98783,4262,102,6367.55,3609.37,2027-04-06,0.0431,0.85,1.76
CAMP-1193,LinkedIn,Email,Canada,Tablet,44461,2465,535,6197.34,12313.14,2027-04-07,0.0554,5.0,0.5
CAMP-1194,Twitter,Email,UK,Desktop,94474,1167,367,3130.58,3179.36,2027-04-08,0.0124,2.72,0.98
CAMP-1195,Facebook,Email,Spain,Desktop,41469,4313,211,5353.11,3651.13,2027-04-09,0.104,0.85,1.47
CAMP-1196,Instagram,Organic,USA,Desktop,84136,3051,576,8607.4,1991.99,2027-04-10,0.0363,0.65,4.32
CAMP-1197,Instagram,SEO,Brazil,Tablet,21435,1788,208,14683.48,10745.77,2027-04-11,0.0834,6.01,1.37
CAMP-1198,YouTube,Email,UK,Tablet,85117,1414,762,6792.53,1084.15,2027-04-12,0.0166,0.77,6.27
CAMP-1199,TikTok,SEO,Canada,Tablet,15191,2758,116,6639.23,5001.56,2027-04-13,0.1816,1.81,1.33
CAMP-1200,YouTube,Influencer,Germany,Tablet,85726,4840,627,5769.77,4273.36,2027-04-14,0.0565,0.88,1.35
